FamilyEx,Genus,Species,AccessionList
Alismataceae,Sagittaria,latifolia,1995-0435
Amaryllidaceae,Allium,acuminatum,1974-0211; 1974-0225; 1983-0397; 1987-0459; 1995-0956; 2000-0522; 2001-0241; 2006-0192; 2007-0079; 2007-0353; 2011-0871; 2011-0897; 2015-0237; 2019-1160; 2022-0117; 2023-0514
Amaryllidaceae,Allium,amplectens,1983-0932; 2007-0500; 2007-0506; 2009-0331; 2011-0757; 2013-0316; 2015-0006
Amaryllidaceae,Allium,cernuum,1970-0050; 1971-0043; 1975-0398; 1977-0093; 1978-0716; 1978-0963; 1986-0078; 1995-0794; 1999-0285; 2004-0086; 2004-0087; 2004-0088; 2004-0089; 2006-0402; 2007-0056; 2007-0089; 2007-0462; 2008-0430; 2010-0313; 2010-0400; 2011-0253; 2013-0394; 2015-0245; 2019-0631; 2022-0352; 2023-0235
Amaryllidaceae,Allium,crenulatum,1989-0149; 1991-0135
Amaryllidaceae,Allium,geyeri,1975-0352; 2009-0330
Anacardiaceae,Rhus,glabra,1973-0279; 1975-0170; 1975-0789; 1994-0458; 2016-0371
Anacardiaceae,Toxicodendron,rydbergii,1973-0497; 1974-1117; 1975-0171; 1975-0790
Apiaceae,Angelica,dawsonii,1975-0904
Apiaceae,Angelica,lucida,1978-0962
Apiaceae,Daucus,carota,1975-0771; 1980-0105; 2004-0262; 2005-0192
Apiaceae,Heracleum,maximum,1972-0531; 1977-0037; 1995-0849; 2003-0311; 2004-0126
Apiaceae,Lomatium,dissectum,1977-0536; 1995-0959; 1998-0718; 1998-0719; 2008-0098; 2017-0347; 2018-0726; 2021-0026
Apiaceae,Lomatium,geyeri,1995-0246
Apiaceae,Lomatium,grayi,2017-0317; 2018-0722
Apiaceae,Lomatium,macrocarpum,1994-0551; 1995-0247; 2013-0276; 2021-0687
Apiaceae,Lomatium,nudicaule,1974-1126; 2008-0247; 2011-0325; 2011-0326; 2015-0400; 2024-0731
Apiaceae,Lomatium,triternatum,1985-0073; 2013-0442
Apiaceae,Lomatium,utriculatum,1976-0230; 1992-0728; 2007-0087; 2009-0190; 2011-0264; 2012-0359; 2019-0831; 2022-0372
Apiaceae,Osmorhiza,chilensis,1975-0219; 1975-0843
Apiaceae,Osmorhiza,occidentalis,1995-0465
Apiaceae,Sanicula,bipinnatifida,2021-0025
Apiaceae,Sanicula,crassicaulis,1975-0795; 1976-0644; 2010-0236; 2010-0238; 2011-0536; 2022-0377
Apiaceae,Sanicula,graveolens,1975-0173
Apiaceae,Sanicula,marilandica,1975-0657
Apocynaceae subfam. Apocynoideae,Apocynum,androsaemifolium,1975-0295; 1975-0762; 2012-0076; 2015-0444
Apocynaceae subfam. Asclepiadoideae,Asclepias,speciosa,1978-0920; 1996-0056; 2011-0830
Aquifoliaceae,Ilex,aquifolium,1974-0314; 1975-0707; 1976-0046
Araceae,Lemna,trisulca,1975-0629
Araceae,Lysichiton,americanus,1971-0212; 1975-0092; 1975-0837; 1997-0246; 1999-0480; 2004-0105; 2005-0340; 2005-0364; 2005-0365; 2005-0366
Araliaceae,Oplopanax,horridus,1971-0075; 1972-0276; 1973-0300; 1973-0741; 1974-0609; 1975-0741; 1994-0554; 2006-0397; 2011-0677; 2012-0092; 2014-0400; 2015-0433; 2016-0351
Aristolochiaceae,Asarum,caudatum,1971-0042; 1972-0677; 1973-0617; 1974-0600; 1975-0737; 1990-0004; 1995-0235; 1999-0102; 2011-0644; 2021-0716
Asparagaceae,Brodiaea,coronaria,1971-0107; 2007-0085; 2013-0489; 2015-0246; 2016-0208; 2023-0237
Asparagaceae,Camassia,leichtlinii,1974-1162; 1977-0105; 1982-0427; 1985-0281; 1992-0724; 1994-0084; 1994-0085; 1996-0120; 2000-0338; 2006-0250; 2007-0060; 2007-0093; 2007-0094; 2007-0463; 2008-0431; 2008-0432; 2010-0491; 2011-0811; 2011-0813; 2011-0819; 2011-0847; 2011-0848; 2011-0850; 2011-0851; 2011-0852; 2011-0854; 2012-0082; 2019-0826; 2022-0353; 2022-0358
Asparagaceae,Camassia,quamash,1973-0087; 1973-0144; 1973-0662; 1975-0127; 1978-0952; 1982-0659; 1982-1272; 1983-0649; 1992-0600; 1992-0725; 1994-0086; 1999-0286; 2000-0339; 2004-0045; 2006-0297; 2007-0061; 2007-0080; 2007-0095; 2011-0065; 2011-0814; 2011-0815; 2011-0818; 2011-0820; 2011-0823; 2011-0824; 2011-0825; 2011-0826; 2011-0827; 2011-0882; 2012-0078; 2012-0079; 2012-0080; 2012-0081; 2012-0564; 2012-0565; 2012-0566; 2013-0330; 2019-0832; 2021-0600; 2022-0354; 2024-0283; 2024-0381
Asparagaceae,Maianthemum,canadense,2011-0140; 2013-0118; 2014-0142; 2018-0813; 2022-0552
Asparagaceae,Maianthemum,dilatatum,1970-0061; 1972-0692; 1973-0742; 1974-0323; 1974-0364; 1975-0157; 1975-0686; 2003-0309
Asparagaceae,Maianthemum,racemosum,1975-0176; 1995-0231; 1995-0238; 2003-0315; 2006-0200; 2006-0201; 2006-0396; 2015-0464; 2021-0774
Asparagaceae,Maianthemum,stellatum,1974-1243; 1975-0177; 1977-0707; 1980-0048; 1995-0099; 2006-0202; 2018-0765; 2018-0812; 2022-0373
Asparagaceae,Maianthemum,trifolium,1974-0538; 1977-0356
Asparagaceae,Triteleia,grandiflora,1977-0790; 2011-0773; 2012-0345
Asparagaceae,Triteleia,hyacinthina,1972-0076; 1975-0810; 1982-0541; 2006-0484; 2007-0466; 2010-0516; 2011-0872; 2017-0204; 2022-0119
Aspleniaceae,Asplenium,trichomanes,1974-0282; 1975-0827; 1976-0047; 2006-0360; 2011-0756; 2012-0314; 2015-0192
Aspleniaceae,Asplenium,viride,1975-0122; 2006-0408; 2009-0356; 2019-0602
Asteraceae,Adenocaulon,bicolor,1976-0223; 1995-0418
Asteraceae,Chrysothamnus,nauseosus,1974-1148; 1995-0820
Asteraceae,Eurybia,conspicua,1974-0442; 1977-0550; 1979-0683; 1980-0121; 2012-0075; 2012-0297; 2019-0910
Asteraceae,Eurybia,sibirica,1989-0740; 1990-0557; 1992-0593; 1992-0594; 1992-0599; 2004-0131; 2009-0148
Asteraceae,Packera,cana,2011-0651
Asteraceae,Sinosenecio,newcombei,2007-0446
Asteraceae,Tonestus,lyallii,1977-0247; 2016-0288; 2018-0863; 2019-1168
Asteraceae subfam. Asteroideae,Achillea,alpina,1978-0434; 1980-0050
Asteraceae subfam. Asteroideae,Achillea,millefolium,1977-0776; 1978-0400; 1978-0851; 1978-0918; 1996-0093; 1998-0498; 1999-0154; 2001-0323; 2008-0293; 2009-0241; 2010-0560; 2017-0018
Asteraceae subfam. Asteroideae,Anaphalis,margaritacea,1975-0399; 1976-0051; 1995-0335
Asteraceae subfam. Asteroideae,Antennaria,media,2016-0261
Asteraceae subfam. Asteroideae,Antennaria,pulcherrima,1977-0171; 1979-0798; 2016-0279
Asteraceae subfam. Asteroideae,Antennaria,umbrinella,1974-0800; 1975-0117; 1979-0799; 2007-0179; 2019-0918; 2019-0928; 2019-0956
Asteraceae subfam. Asteroideae,Arnica,cordifolia,1975-0401; 1982-0760; 1993-0122; 1999-0183; 2019-0914
Asteraceae subfam. Asteroideae,Arnica,lessingii,2013-0444
Asteraceae subfam. Asteroideae,Artemisia,frigida,1973-0274; 1990-0556
Asteraceae subfam. Asteroideae,Artemisia,ludoviciana,1974-0599; 1975-0906; 1975-0938; 1996-0207; 2014-0150
Asteraceae subfam. Asteroideae,Artemisia,michauxiana,1974-0419; 1979-0595; 1998-0005; 2014-0323; 2016-0124
Asteraceae subfam. Asteroideae,Artemisia,norvegica,1974-0441; 1978-0469; 1979-0806
Asteraceae subfam. Asteroideae,Artemisia,suksdorfii,1996-0208
Asteraceae subfam. Asteroideae,Artemisia,tridentata,1973-0456; 1973-0479; 1974-0739; 1974-1196; 1975-0120; 1975-0764; 2000-0337
Asteraceae subfam. Asteroideae,Balsamorhiza,deltoidea,1995-0880; 2011-0534; 2012-0341; 2017-0346; 2021-0027
Asteraceae subfam. Asteroideae,Balsamorhiza,sagittata,1975-0123; 1977-0551; 1994-0557; 1995-0242; 1995-0848; 2011-0477; 2011-0478; 2011-0479; 2022-0002
Asteraceae subfam. Asteroideae,Brickellia,grandiflora,1993-0508
Asteraceae subfam. Asteroideae,Canadanthus,modestus,1976-0689; 2019-0915
Asteraceae subfam. Asteroideae,Chaenactis,douglasii,1978-0976; 2019-1162
Asteraceae subfam. Asteroideae,Erigeron,aureus,1975-0623; 1978-0727; 1979-0206; 1979-0801; 1982-0854; 1982-1096; 2011-0499; 2015-0095; 2019-1163
Asteraceae subfam. Asteroideae,Erigeron,linearis,1975-0144; 1977-0553; 1989-0381; 1999-0248; 2002-0263; 2011-0414; 2015-0096
Asteraceae subfam. Asteroideae,Erigeron,ochroleucus,2019-0175
Asteraceae subfam. Asteroideae,Erigeron,peregrinus,1977-0163; 1999-0236
Asteraceae subfam. Asteroideae,Erigeron,poliospermus,2007-0164; 2010-0219; 2018-0004
Asteraceae subfam. Asteroideae,Erigeron,speciosus,2012-0072; 2012-0073
Asteraceae subfam. Asteroideae,Eriophyllum,lanatum,1974-0734; 2005-0360; 2010-0163; 2010-0166; 2011-0769; 2022-0365; 2023-0513; 2024-0680
Asteraceae subfam. Asteroideae,Eutrochium,maculatum,2007-0399; 2019-1013
Asteraceae subfam. Asteroideae,Gaillardia,aristata,1970-0118; 1971-0029; 1971-0226; 1973-0686; 1974-1150; 1974-1151; 1977-0535; 1993-0128; 1995-0821; 2001-0343; 2005-0209; 2018-0859; 2019-0067; 2019-0904; 2024-0375
Asteraceae subfam. Asteroideae,Grindelia,integrifolia,1971-0081; 1975-0364; 1975-0592; 1976-0407; 1977-0260; 1992-0067; 1995-0424; 2007-0097; 2022-0238
Asteraceae subfam. Asteroideae,Helenium,autumnale,1996-0428; 2020-0346; 2022-0123; 2022-0172; 2025-0282
Asteraceae subfam. Asteroideae,Helianthus,annuus,1996-0176; 2018-0229; 2019-0456; 2020-0200; 2024-0549
Asteraceae subfam. Asteroideae,Inula,helenium,1979-0299; 1997-0112; 2008-0211
Asteraceae subfam. Asteroideae,Madia,sativa,1995-0429
Asteraceae subfam. Asteroideae,Matricaria,chamomilla,1978-0418; 1997-0172; 2015-0155; 2017-0083; 2024-0652
Asteraceae subfam. Asteroideae,Mycelis,muralis,1990-0100
Asteraceae subfam. Asteroideae,Petasites,frigidus,1971-0050; 1974-0319; 1976-0260; 1995-0466; 2023-0112
Asteraceae subfam. Asteroideae,Petasites,japonicus,1976-0286; 1977-0436; 2012-0150; 2024-0146
Asteraceae subfam. Asteroideae,Ratibida,columnifera,1981-0242; 1992-0009; 1995-0064; 1995-0157; 2000-0030; 2018-0244; 2019-0525; 2020-0264; 2021-0436; 2021-0437
Asteraceae subfam. Asteroideae,Rudbeckia,laciniata,2018-0822
Asteraceae subfam. Asteroideae,Senecio,canus,1975-0344; 1977-0556
Asteraceae subfam. Asteroideae,Senecio,fremontii,2000-0086
Asteraceae subfam. Asteroideae,Senecio,sylvaticus,1979-0491
Asteraceae subfam. Asteroideae,Senecio,triangularis,1975-0908; 1977-0212; 1996-0211
Asteraceae subfam. Asteroideae,Solidago,multiradiata,1974-0793; 1977-0708; 2018-0011; 2019-1084
Asteraceae subfam. Asteroideae,Solidago,simplex,1992-0076; 2019-0911
Asteraceae subfam. Asteroideae,Symphyotrichum,ericoides,1975-0945; 1995-0067; 2024-0376
Asteraceae subfam. Asteroideae,Symphyotrichum,laeve,2019-1044; 2021-0609
Asteraceae subfam. Asteroideae,Tanacetum,parthenium,1978-0279; 1989-0329; 1998-0503; 2001-0317; 2013-0226; 2020-0522; 2023-0309
Asteraceae subfam. Asteroideae,Townsendia,parryi,1999-0203; 1999-0254; 2018-0013; 2018-0028
Asteraceae subfam. Carduoideae,Arctium,minus,1996-0105
Asteraceae subfam. Carduoideae,Cirsium,arvense,2016-0103
Asteraceae subfam. Carduoideae,Silybum,marianum,1989-0097; 1997-0113
Athyriaceae,Athyrium,distentifolium,1975-0607; 2020-0369
Athyriaceae,Athyrium,filix-femina,1975-0402; 1976-0048; 2003-0314; 2007-0057
Balsaminaceae,Impatiens,noli-tangere,1977-0248; 1995-0881
Berberidaceae,Achlys,triphylla,1995-0228; 1995-0234; 2011-0627; 2012-0342; 2012-0346; 2012-0353; 2013-0211; 2014-0294; 2015-0470; 2016-0377; 2017-0405; 2018-0487; 2021-0718
Berberidaceae,Berberis,aquifolium,1973-0675; 1974-0318; 1974-0497; 1975-0818; 1976-0582; 1982-0771; 1990-0583; 1994-0449; 2003-0289; 2004-0055; 2004-0056; 2004-0057; 2004-0058; 2004-0059; 2007-0068; 2010-0165; 2013-0314; 2020-0573
Berberidaceae,Berberis,vulgaris,1989-0338
Berberidaceae,Mahonia,nervosa,1974-0305; 1975-0072; 1975-0838; 1976-0052; 1999-0438; 2007-0069; 2007-0083; 2011-0502; 2012-0448; 2016-0327; 2017-0035; 2019-0711
Berberidaceae,Mahonia,repens,1973-0482; 1974-0801; 1974-1100; 1974-1136; 1975-0419; 1975-0779; 1994-0457; 2019-0712; 2019-0786
Betulaceae,Alnus,incana,1973-0453; 1975-0353; 1977-0137; 2004-0071
Betulaceae,Alnus,rubra,1974-0332; 1976-0054; 1977-0274; 2016-0422; 2022-0103; 2022-0104
Betulaceae,Alnus,viridis,1973-0311; 1974-0424; 1975-0760; 1994-0004; 2004-0085
Betulaceae,Betula,nana,1970-0135; 1974-0916; 2000-0121; 2020-0498
Betulaceae,Betula,occidentalis,1979-0809; 1980-0402; 2016-0373
Betulaceae,Betula,papyrifera,1973-0306; 1975-0738; 1975-0765; 1976-0424; 1979-0810; 1986-0168; 2010-0412; 2016-0205; 2016-0354; 2016-0369; 2019-1025; 2023-0252
Betulaceae,Betula,pumila,1974-0626; 1979-0808
Betulaceae,Corylus,cornuta,1973-0324; 1976-0053; 2004-0070; 2004-0084; 2004-0106; 2010-0537; 2010-0539; 2010-0545; 2019-1027
Blechnaceae,Struthiopteris,spicant,1971-0088; 1973-0594; 1975-0080; 1976-0055; 1997-0466; 1998-0885; 2003-0292; 2007-0059; 2007-0348; 2010-0535; 2010-0540; 2011-0297
Blechnaceae,Woodwardia,fimbriata,1988-0312; 1995-0316; 2006-0190; 2008-0434; 2012-0313; 2016-0314; 2022-0533
Boraginaceae,Echium,vulgare,1974-1123; 1999-0173; 2001-0325; 2019-1155
Boraginaceae,Lithospermum,ruderale,1973-0449; 1976-0228; 1978-0236; 2019-0906
Boraginaceae,Mertensia,longiflora,1995-0248
Boraginaceae,Mertensia,paniculata,1978-0936; 1982-0466; 1998-0788; 2001-0165
Boraginaceae,Myosotis,alpestris,1973-0080; 1977-0311; 1978-0263; 1978-0333; 1979-0721; 1980-0057; 1982-0759; 1986-0309
Brassicaceae,Alliaria,petiolata,2016-0102; 2021-0531; 2022-0219; 2023-0190
Brassicaceae,Draba,glabella,1999-0247
Brassicaceae,Draba,oligosperma,1972-0488; 1972-0507; 1974-0925; 1978-0447; 1997-0152; 2009-0158; 2013-0450
Brassicaceae,Draba,paysonii,1974-0632; 1979-0811; 2005-0290
Brassicaceae,Draba,ventosa,1979-0812; 2007-0389; 2011-0073
Brassicaceae,Erysimum,capitatum,2013-0492
Brassicaceae,Hesperis,matronalis,1975-0313; 1997-0111
Brassicaceae,Physaria,arctica,1984-0288; 2019-0068
Brassicaceae,Physaria,douglasii,1976-0364
Brassicaceae,Turritis,glabra,2013-0488; 2014-0267; 2015-0475; 2015-0476
Cactaceae,Opuntia,fragilis,1973-0276; 1975-0158; 1982-0091; 1983-0463; 1983-0464; 1995-0725; 1999-0510; 2006-0067; 2006-0068; 2010-0500; 2011-0449; 2011-0450; 2011-0470; 2011-0475; 2011-0514; 2011-0598; 2011-0654; 2011-0655; 2012-0302; 2012-0303; 2012-0304; 2012-0306; 2015-0241; 2015-0242
Cactaceae,Opuntia,× columbiana,1977-0088; 2011-0469; 2011-0471; 2011-0472; 2011-0473; 2011-0474; 2011-0857; 2012-0298; 2012-0307; 2012-0308; 2012-0309; 2012-0310; 2012-0312; 2012-0320
Campanulaceae subfam. Campanuloideae,Campanula,lasiocarpa,1976-0191; 1976-0709; 1987-0077; 2005-0211; 2019-1098
Campanulaceae subfam. Campanuloideae,Campanula,rotundifolia,1972-0092; 1973-0624; 1975-0700; 1986-0270; 1993-0244; 1995-0183; 2001-0465; 2002-0392
Campanulaceae subfam. Campanuloideae,Campanula,scouleri,1977-0095; 2018-0002
Cannabaceae,Humulus,lupulus,2008-0295
Caprifoliaceae,Linnaea,borealis,1974-0429; 1974-0638; 1975-0320; 1975-0685; 1995-0427; 2012-0351; 2013-0403; 2016-0321; 2018-0800; 2019-1032; 2019-1081; 2024-0346
Caprifoliaceae,Lonicera,ciliosa,1972-0693; 1973-0369; 1973-0370; 1975-0322; 1980-0147; 1984-0284; 1994-0477; 1994-0524; 1995-0236; 2007-0066; 2015-0447
Caprifoliaceae,Lonicera,hispidula,1973-0325; 1973-0371; 1973-0372; 1975-0836; 1995-0096; 2007-0067
Caprifoliaceae,Lonicera,involucrata,1971-0051; 1973-0301; 1975-0740; 1978-0964; 2000-0341; 2013-0311
Caprifoliaceae,Lonicera,utahensis,1974-1154; 1976-0281; 1986-0408; 2000-0380; 2010-0082
Caprifoliaceae,Symphoricarpos,albus,1974-0677; 1976-0071; 1977-0109; 2007-0077; 2007-0078; 2010-0528; 2010-0533; 2010-0542; 2016-0323; 2017-0040; 2019-0228; 2020-0572
Caprifoliaceae,Symphoricarpos,hesperius,2016-0329; 2019-0828; 2019-0829
Caprifoliaceae,Valeriana,congesta,1975-0164; 1977-0477; 2007-0503; 2007-0504; 2019-0999; 2022-0213; 2022-0375
Caprifoliaceae,Valeriana,dioica,1977-0196; 2014-0310
Caprifoliaceae,Valeriana,edulis,1978-0359
Caprifoliaceae,Valeriana,officinalis,1978-0407; 1998-0941
Caprifoliaceae,Valeriana,scouleri,1972-0697; 1975-0601; 1995-0468
Caprifoliaceae,Valeriana,sitchensis,1974-0798; 1975-0853; 1977-0791; 1992-0522; 2014-0407; 2015-0363; 2019-0921
Caryophyllaceae,Eremogone,capillaris,2016-0269
Caryophyllaceae,Sagina,apetala,1989-0384
Caryophyllaceae,Silene,acaulis,1972-0547; 1972-0553; 1972-0582; 1974-1189; 1975-0560; 1979-0438; 1980-0267; 1982-0222; 1984-0229; 1984-0364; 1990-0353; 1991-0455; 1995-0803; 2010-0240; 2016-0281; 2016-0289; 2018-0154
Caryophyllaceae,Silene,scouleri,2017-0350
Celastraceae,Euonymus,occidentalis,2008-0221; 2024-0686
Celastraceae,Parnassia,fimbriata,1975-0331; 1975-0636; 2013-0409; 2015-0356; 2016-0302; 2019-0924
Celastraceae,Parnassia,kotzebuei,1980-0255
Celastraceae,Parnassia,palustris,1977-0179; 1982-0449; 1992-0851; 2014-0373; 2020-0001; 2025-0147
Celastraceae,Parnassia,parviflora,1975-0637
Celastraceae,Paxistima,myrsinites,1971-0055; 1973-0628; 1974-0294; 1974-0610; 1975-0745; 1975-0781; 1985-0043; 2003-0287; 2003-0294; 2003-0305; 2003-0306; 2004-0093; 2004-0094; 2004-0095; 2004-0128; 2007-0084; 2019-0940
Colchicaceae,Disporum,trachycarpum,1971-0113; 1974-0452; 1976-0337; 1977-0100; 2007-0357
Convolvulaceae,Calystegia,soldanella,2011-0109
Cornaceae,Cornus,canadensis,1971-0121; 1972-0075; 1973-0698; 1974-0324; 1974-0425; 1974-0601; 1974-0602; 1974-0603; 1974-0604; 1975-0682; 1977-0173; 1983-0438; 1999-0415; 2018-0782; 2019-1026
Cornaceae,Cornus,nuttallii,1971-0105; 1975-0389; 1976-0057; 1994-0456; 2003-0320; 2014-0406; 2015-0460; 2015-0461; 2020-0694
Cornaceae,Cornus,sericea,1971-0057; 1975-0739; 1976-0425; 1979-0453; 1984-0420; 2016-0319
Cornaceae,Cornus,unalaschkensis,1972-0225; 1973-0598; 1974-0502; 1975-0302; 1980-0302; 2003-0284; 2011-0801; 2012-0347; 2013-0298; 2017-0425; 2024-0622
Crassulaceae,Sedum,album,1973-0110; 1984-0062; 1997-0054
Crassulaceae,Sedum,divergens,1970-0129; 1973-0091; 1975-0074; 1975-0694; 1976-0645; 1980-0265; 1998-0295; 2001-0243; 2015-0360; 2021-0142
Crassulaceae,Sedum,oreganum,1995-0950; 1998-0297; 2017-0039; 2022-0114
Crassulaceae,Sedum,spathulifolium,1970-0128; 1972-0694; 1975-0227; 1975-0283; 1975-0380; 1978-0840; 1980-0195; 1982-0584; 2006-0291; 2006-0292; 2007-0098; 2007-0099; 2013-0422; 2015-0505; 2018-0733; 2018-0755; 2020-0561
Crassulaceae,Sedum,stenopetalum,1980-0192; 1980-0266; 1998-0473; 1998-0487
Cucurbitaceae,Marah,oregana,1978-0762; 2004-0060; 2012-0415; 2019-0123
Cupressaceae,Callitropsis,nootkatensis,1971-0122; 1977-0160; 1977-0321; 1982-0131; 1982-0708; 1994-0543; 1997-0562; 2016-0378; 2017-0290; 2017-0421; 2017-0430; 2023-0458; 2025-0267
Cupressaceae,Juniperus,communis,1973-0446; 1974-0427; 1974-0896; 1975-0776; 2011-0837; 2013-0303; 2015-0404; 2016-0284; 2016-0363; 2018-0778; 2019-0753
Cupressaceae,Juniperus,horizontalis,1972-0598; 1972-0599; 1972-0600; 1972-0601; 1972-0602; 1974-0606; 1974-1067; 1976-0203; 1977-0441; 1977-0442; 1977-0697; 1977-0734; 1979-0548; 1986-0590; 1986-0591; 1986-0592; 1989-0760
Cupressaceae,Juniperus,maritima,2016-0312; 2017-0248
Cupressaceae,Juniperus,scopulorum,1972-0283; 1973-0019; 1973-0450; 1974-0607; 1974-0889; 1974-1068; 1975-0777; 1977-0695; 1977-0696; 1977-0733; 1977-0735; 1984-0308; 2003-0290; 2003-0299; 2003-0300; 2004-0110; 2011-0446; 2011-0447; 2011-0448; 2016-0276; 2019-0905
Cupressaceae,Thuja,plicata,1974-0287; 1976-0058; 1982-1115; 1983-0425; 1994-0271; 2004-0101; 2009-0328; 2009-0375; 2016-0113; 2016-0421; 2023-0030; 2023-0459; 2025-0266
Cyperaceae,Carex,amplifolia,1976-0360
Cyperaceae,Carex,anthoxanthea,1983-0666
Cyperaceae,Carex,aquatilis,1983-0667
Cyperaceae,Carex,aurea,1974-0535; 1975-0885; 2024-0619
Cyperaceae,Carex,bebbii,1978-0525
Cyperaceae,Carex,bicolor,1978-0471
Cyperaceae,Carex,bigelowii,1972-0143
Cyperaceae,Carex,canescens,1972-0089; 1975-0886; 1978-0526
Cyperaceae,Carex,capillaris,1978-0472
Cyperaceae,Carex,capitata,1972-0090
Cyperaceae,Carex,concinna,1978-0527
Cyperaceae,Carex,diandra,1978-0473
Cyperaceae,Carex,dioica,1978-0474
Cyperaceae,Carex,disperma,1974-0445
Cyperaceae,Carex,echinata,2021-0039
Cyperaceae,Carex,flava,1972-0121; 1990-0270
Cyperaceae,Carex,foenea,1983-0664
Cyperaceae,Carex,geyeri,1974-1138
Cyperaceae,Carex,glacialis,1978-0528
Cyperaceae,Carex,hoodii,1983-0668; 2009-0184; 2009-0242; 2022-0359
Cyperaceae,Carex,interior,1978-0475
Cyperaceae,Carex,laeviculmis,1978-0476
Cyperaceae,Carex,limosa,1974-0446
Cyperaceae,Carex,livida,1977-0236
Cyperaceae,Carex,loliacea,1983-0669
Cyperaceae,Carex,lyngbyei,1973-0195; 1976-0677
Cyperaceae,Carex,macloviana,1975-0888; 1984-0492
Cyperaceae,Carex,macrocephala,1977-0257; 1977-0643; 1989-0446
Cyperaceae,Carex,macrochaeta,1978-0477
Cyperaceae,Carex,mertensii,1988-0331; 2013-0406
Cyperaceae,Carex,microglochin,1974-0447
Cyperaceae,Carex,nardina,1974-0448
Cyperaceae,Carex,nigricans,1974-0203; 1978-0529
Cyperaceae,Carex,obnupta,1987-0277
Cyperaceae,Carex,oederi,1983-0670
Cyperaceae,Carex,pallescens,1972-0126
Cyperaceae,Carex,pauciflora,1974-0449; 2013-0297
Cyperaceae,Carex,paysonis,1975-0890
Cyperaceae,Carex,phaeocephala,1983-0671
Cyperaceae,Carex,phyllomanica,1977-0237
Cyperaceae,Carex,podocarpa,1983-0672
Cyperaceae,Carex,praticola,1975-0891
Cyperaceae,Carex,retrorsa,1983-0674
Cyperaceae,Carex,scirpoidea,1988-0240
Cyperaceae,Carex,spectabilis,1978-0531; 2019-0937
Cyperaceae,Carex,sprengelii,1984-0493
Cyperaceae,Carex,stipata,1976-0315; 1977-0159
Cyperaceae,Carex,stylosa,2013-0296
Cyperaceae,Carex,tumulicola,2017-0348; 2018-0724
Cyperaceae,Carex,vaginata,1983-0675
Cyperaceae,Carex,viridula,1995-0421; 1996-0272; 2020-0510
Cyperaceae,Cyperus,erythrorhizos,1977-0803
Cyperaceae,Dulichium,arundinaceum,1983-0682
Cyperaceae,Eleocharis,kamtschatica,1978-0480
Cyperaceae,Eleocharis,palustris,1975-0621; 1995-0422
Cyperaceae,Eriophorum,angustifolium,1975-0591; 1975-0948
Cyperaceae,Eriophorum,brachyantherum,1974-1137
Cyperaceae,Eriophorum,chamissonis,1975-0949; 2013-0295; 2015-0440
Cyperaceae,Eriophorum,gracile,1983-0693
Cyperaceae,Eriophorum,scheuchzeri,1978-0483
Cyperaceae,Eriophorum,viridicarinatum,1977-0232
Cyperaceae,Rhynchospora,alba,1976-0806; 1986-0301
Cyperaceae,Scirpus,cyperinus,1980-0321
Cyperaceae,Scirpus,lacustris,1975-0666; 1980-0322
Cyperaceae,Scirpus,microcarpus,1976-0320
Cyperaceae,Scirpus,paludosus,1980-0323
Cyperaceae,Trichophorum,alpinum,1975-0665; 2020-0521
Cystopteridaceae,Cystopteris,fragilis,1973-0621; 1974-0806; 1975-0616; 2006-0420; 2009-0306
Cystopteridaceae,Gymnocarpium,dryopteris,1996-0318; 1996-0825; 2004-0100; 2005-0127; 2015-0472; 2016-0303; 2017-0236; 2019-0595; 2021-0721
Dennstaedtiaceae,Pteridium,aquilinum,1976-0059; 2004-0096
Droseraceae,Drosera,rotundifolia,1974-0496; 1975-0306; 2013-0300; 2014-0392; 2023-0184
Dryopteridaceae,Dryopteris,carthusiana,2019-1003; 2019-1062; 2022-0555
Dryopteridaceae,Dryopteris,cristata,1975-0091; 2018-0798
Dryopteridaceae,Dryopteris,expansa,1974-0504; 1975-0619; 1990-0099; 2007-0350
Dryopteridaceae,Dryopteris,filix-mas,1975-0406; 1975-0620; 1975-0864
Dryopteridaceae,Polystichum,andersonii,1973-0215; 1976-0370; 1986-0402
Dryopteridaceae,Polystichum,imbricans,2008-0285; 2008-0297
Dryopteridaceae,Polystichum,kruckebergii,1982-0712; 2010-0459; 2013-0460
Dryopteridaceae,Polystichum,lemmonii,1974-0576; 2006-0372; 2023-0483
Dryopteridaceae,Polystichum,lonchitis,1974-0518; 1975-0428; 1975-0648; 2017-0403; 2017-0404
Dryopteridaceae,Polystichum,munitum,1975-0649; 1976-0049; 2003-0291; 2007-0072; 2007-0329; 2017-0037; 2020-0483; 2020-0598; 2023-0319
Dryopteridaceae,Polystichum,scopulinum,1976-0383; 2016-0375; 2016-0376; 2021-0650
Elaeagnaceae,Elaeagnus,commutata,1970-0137; 1972-0186; 1973-0451; 1977-0129; 1979-0813; 1983-0609; 1991-0445; 1991-0446; 2005-0055; 2005-0056; 2005-0057
Elaeagnaceae,Shepherdia,canadensis,1972-0277; 1973-0455; 1974-0436; 1975-0909; 1979-0817; 1991-0449; 1992-0524; 2012-0380; 2012-0383; 2013-0402
Equisetaceae,Equisetum,fluviatile,1983-0689
Equisetaceae,Equisetum,scirpoides,1973-0589; 1974-0453; 2019-0081; 2019-1007
Equisetaceae,Equisetum,telmateia,1977-0034; 2015-0434
Ericaceae,Allotropa,virgata,1975-0826
Ericaceae,Andromeda,polifolia,1972-0660; 1973-0294; 1975-0446; 1977-0335; 1995-0090; 1995-0536; 2023-0213
Ericaceae,Arbutus,menziesii,1971-0104; 1974-1005; 1979-0710; 1994-0083; 1994-0455; 1999-0408; 2007-0090; 2007-0091; 2007-0155; 2007-0423; 2007-0424; 2008-0059; 2011-0938; 2016-0339; 2020-0695
Ericaceae,Arctostaphylos,columbiana,1974-0382; 1975-0068; 1984-0427; 1999-0278; 2008-0071; 2011-0548; 2011-0755; 2012-0450; 2016-0330; 2020-0696; 2025-0386
Ericaceae,Arctostaphylos,uva-ursi,1970-0123; 1971-0019; 1972-0102; 1974-0310; 1974-0903; 1975-0860; 1984-0091; 1989-0771; 1989-0772; 2010-0399; 2010-0421; 2010-0467; 2011-0398; 2011-0494; 2011-0495; 2016-0331
Ericaceae,Arctostaphylos,× media,1977-0041; 2016-0210
Ericaceae,Arctous,alpina,2019-1096; 2020-0386; 2021-0680
Ericaceae,Cassiope,lycopodioides,1974-0006; 1974-0501; 1974-1036; 1979-0204; 1984-0061; 2015-0416
Ericaceae,Cassiope,mertensiana,1972-0678; 1977-0367; 2016-0268; 2019-0931; 2025-0260
Ericaceae,Cassiope,tetragona,1974-0593; 1976-0429; 1980-0241; 1983-0292; 2016-0285; 2024-0168
Ericaceae,Chamaedaphne,calyculata,1974-0919; 1975-0822; 1977-0339; 1982-1172
Ericaceae,Chimaphila,menziesii,1973-0618; 1975-0130; 1980-0242
Ericaceae,Chimaphila,umbellata,1975-0201; 2011-0666
Ericaceae,Elliottia,pyroliflora,1972-0326; 1983-0454; 1994-0504; 2011-0314; 2014-0395; 2015-0068; 2017-0417; 2017-0428; 2024-0668
Ericaceae,Empetrum,nigrum,1972-0145; 1974-1043; 1974-1176; 1989-0503; 1991-0447; 2012-0390; 2013-0302; 2016-0274
Ericaceae,Gaultheria,hispidula,1974-0455; 1974-0456
Ericaceae,Gaultheria,humifusa,1974-0426; 1975-0363; 1982-1201; 1989-0288; 2000-0573; 2010-0460; 2016-0290; 2022-0011
Ericaceae,Gaultheria,ovatifolia,1973-0269; 1973-0318; 1974-0283; 1974-0605; 1974-0636; 1975-0311; 1975-0817; 1976-0435; 1994-0548; 2001-0503; 2016-0357; 2024-0349
Ericaceae,Gaultheria,shallon,1974-0306; 1975-0723; 1976-0060; 2014-0095; 2022-0088
Ericaceae,Harrimanella,stelleriana,1972-0444; 1973-0640; 1974-0450; 1974-1174; 1976-0428
Ericaceae,Kalmia,microphylla,1974-0428; 1974-1050; 1975-0593; 1982-1100; 1992-0192
Ericaceae,Kalmia,procumbens,1974-0430; 1974-0652; 1979-0158; 1988-0668; 1995-0819; 2020-0387
Ericaceae,Monotropa,uniflora,1973-0328; 1976-0233; 2012-0089; 2015-0375; 2016-0320
Ericaceae,Orthilia,secunda,1977-0350
Ericaceae,Phyllodoce,empetriformis,1971-0021; 1971-0232; 1973-0470; 1975-0375; 1992-0439; 1992-0450; 2012-0379; 2017-0419; 2017-0423; 2019-0927; 2025-0255
Ericaceae,Phyllodoce,glanduliflora,1974-0470; 1974-0516; 1975-0425; 1977-0368; 2016-0263; 2016-0273; 2019-0932; 2019-0933; 2025-0252; 2025-0253; 2025-0254
Ericaceae,Pterospora,andromedea,1976-0234; 2012-0377; 2016-0326
Ericaceae,Pyrola,asarifolia,1971-0118; 1971-0127; 1972-0222; 1974-0473; 1975-0376; 1977-0153; 2004-0114; 2014-0374; 2015-0469
Ericaceae,Pyrola,chlorantha,1971-0045; 1973-0629; 1977-0181; 1977-0349
Ericaceae,Pyrola,grandiflora,1988-0310
Ericaceae,Pyrola,minor,1975-0167
Ericaceae,Pyrola,picta,1972-0224; 1973-0270; 1975-0168; 1977-0042
Ericaceae,Rhododendron,albiflorum,1974-0433; 1975-0654; 1982-0429; 1987-0242; 1992-0878; 1992-0879; 2016-0291; 2017-0424; 2017-0429; 2019-1071; 2024-0665
Ericaceae,Rhododendron,columbianum,1974-0311; 1975-0316; 1978-0859; 1982-0917; 1982-1170; 2025-0319
Ericaceae,Rhododendron,groenlandicum,1973-0293; 1974-0296; 1974-1269; 1975-0086; 1988-0330; 1990-0580; 2009-0146
Ericaceae,Rhododendron,lapponicum,1977-0351; 1982-0755; 2014-0380
Ericaceae,Rhododendron,macrophyllum,1975-0727; 1999-0452; 1999-0455; 2011-0545; 2013-0263; 2014-0161; 2014-0163; 2015-0229; 2016-0308; 2016-0352; 2022-0531
Ericaceae,Rhododendron,menziesii,1971-0035; 1973-0272; 1973-0299; 1974-0367; 1974-0513; 1975-0326; 1975-0687; 1988-0329; 2004-0111; 2004-0112; 2004-0113; 2004-0118; 2004-0119; 2013-0264; 2015-0442; 2017-0416; 2017-0427; 2021-0717; 2024-0666
Ericaceae,Rhododendron,tomentosum,1974-1052; 1977-0343; 2014-0389; 2022-0168
Ericaceae,Vaccinium,cespitosum,1974-0489; 1976-0302; 1993-0311; 1995-0919; 2012-0394; 2019-0951; 2024-0627
Ericaceae,Vaccinium,deliciosum,1973-0468; 1975-0848; 2015-0401; 2019-0945; 2019-0950
Ericaceae,Vaccinium,macrocarpon,1974-0897; 1976-0450
Ericaceae,Vaccinium,membranaceum,1975-0849; 2001-0562; 2001-0563; 2015-0443; 2021-0522; 2024-0623
Ericaceae,Vaccinium,myrtilloides,1973-0295; 1974-0437; 1974-0490; 1984-0298
Ericaceae,Vaccinium,myrtillus,1970-0138; 1976-0303; 1979-0309; 2022-0093
Ericaceae,Vaccinium,ovalifolium,1970-0060; 1973-0298; 1974-0597; 1974-0803; 1976-0242; 1976-0304; 1982-0302; 1992-0808; 1998-0736; 2017-0418; 2017-0420; 2024-0620
Ericaceae,Vaccinium,ovatum,1974-0021; 1974-0302; 2004-0067; 2006-0334; 2010-0531; 2016-0315; 2022-0351; 2023-0438
Ericaceae,Vaccinium,oxycoccos,1974-0467; 1974-0491; 1975-0851; 1978-0386; 1982-0852; 2008-0100; 2013-0301
Ericaceae,Vaccinium,parvifolium,1974-0289; 1975-0083; 1976-0061; 1986-0175; 2004-0065; 2004-0066; 2024-0378
Ericaceae,Vaccinium,uliginosum,1973-0296; 1975-0600; 1975-0852; 1983-0737; 1983-0738; 1984-0127; 1984-0128; 1985-0095; 2003-0308; 2016-0298
Ericaceae,Vaccinium,vitis-idaea,1970-0139; 1973-0614; 1974-1066; 1977-0464; 1998-0689; 2021-0521
Euphorbiaceae,Euphorbia,glyptosperma,1984-0117
Fabaceae,Hosackia,gracilis,2007-0200; 2018-0725
Fabaceae subfam. Faboideae,Astragalus,aboriginum,1993-0199
Fabaceae subfam. Faboideae,Astragalus,alpinus,1991-0064; 1993-0234
Fabaceae subfam. Faboideae,Astragalus,eucosmus,1993-0200
Fabaceae subfam. Faboideae,Astragalus,purshii,1978-0975; 2008-0150; 2018-0854
Fabaceae subfam. Faboideae,Lathyrus,japonicus,1976-0410
Fabaceae subfam. Faboideae,Lathyrus,nevadensis,1974-0463; 1975-0878
Fabaceae subfam. Faboideae,Lathyrus,ochroleucus,1977-0176; 1982-0866
Fabaceae subfam. Faboideae,Lupinus,arboreus,1974-1120; 1996-0628; 2000-0097; 2004-0014; 2004-0193; 2018-0509; 2022-0339
Fabaceae subfam. Faboideae,Lupinus,arcticus,1976-0827; 1978-0935; 1979-0602; 1980-0055; 1980-0126; 1985-0153; 1992-0070; 1996-0094; 2012-0070; 2012-0071; 2019-0713; 2025-0263
Fabaceae subfam. Faboideae,Lupinus,bicolor,2012-0360
Fabaceae subfam. Faboideae,Lupinus,microcarpus,2018-0727
Fabaceae subfam. Faboideae,Lupinus,rivularis,1976-0308; 1979-0575; 2006-0449
Fabaceae subfam. Faboideae,Lupinus,sericeus,2007-0189
Fabaceae subfam. Faboideae,Lupinus,sulphureus,2021-0113
Fabaceae subfam. Faboideae,Oxytropis,deflexa,1992-0807
Fabaceae subfam. Faboideae,Oxytropis,podocarpa,2001-0269
Fabaceae subfam. Faboideae,Oxytropis,sericea,2006-0411
Fabaceae subfam. Faboideae,Oxytropis,splendens,1980-0151; 1992-0793; 2000-0423
Fabaceae subfam. Faboideae,Oxytropis,viscida,2001-0270
Fabaceae subfam. Faboideae,Trifolium,dubium,1986-0240
Fabaceae subfam. Faboideae,Trifolium,wormskioldii,2020-0589
Fagaceae,Quercus,garryana,1975-0090; 1978-0523; 1982-0055; 1995-0469; 2006-0335; 2006-0336; 2006-0380; 2006-0381; 2006-0382; 2006-0383; 2006-0384; 2006-0385; 2006-0386; 2006-0387; 2006-0388; 2006-0389; 2008-0145; 2008-0146; 2010-0159
Gentianaceae,Frasera,albicaulis,2010-0419
Gentianaceae,Gentiana,calycosa,1978-0728; 2013-0408; 2024-0678
Gentianaceae,Gentiana,glauca,1976-0390
Gentianaceae,Gentiana,sceptrum,1972-0662; 1974-0210; 1992-0471; 1992-0850; 1994-0526; 1995-0423; 1995-0916; 2013-0500; 2014-0393; 2016-0295; 2018-0037
Gentianaceae,Gentianella,amarella,1975-0624; 2012-0382
Geraniaceae,Geranium,carolinianum,1977-0475
Geraniaceae,Geranium,erianthum,1974-0457; 1987-0464; 2010-0381
Geraniaceae,Geranium,molle,1975-0706
Geraniaceae,Geranium,robertianum,1975-0152; 1978-0484
Grossulariaceae,Ribes,bracteosum,1976-0271; 2014-0398; 2016-0342
Grossulariaceae,Ribes,cereum,1970-0114; 1973-0481; 1973-0496; 1973-0716; 1974-1130; 1975-0172; 1975-0791; 1995-0884; 2011-0433
Grossulariaceae,Ribes,divaricatum,1973-0664; 1975-0736; 1980-0142; 2019-0715; 2024-0369
Grossulariaceae,Ribes,glandulosum,1974-1157; 1987-0106; 2022-0166
Grossulariaceae,Ribes,hudsonianum,1977-0185; 1982-0452; 1983-0728
Grossulariaceae,Ribes,inerme,1974-1132; 1977-0787
Grossulariaceae,Ribes,lacustre,1970-0113; 1973-0315; 1974-0594; 1974-1131; 1975-0744; 2002-0351
Grossulariaceae,Ribes,laxiflorum,1975-0688
Grossulariaceae,Ribes,lobbii,1975-0974; 1979-0472; 1982-1345; 1986-0074; 1989-0418; 1989-0741
Grossulariaceae,Ribes,oxyacanthoides,1974-0845; 1975-0792
Grossulariaceae,Ribes,sanguineum,1971-0054; 1971-0082; 1971-0233; 1974-0348; 1974-0846; 1977-0036; 1985-0060; 1988-0091; 1994-0145; 2003-0286; 2003-0302; 2003-0303; 2003-0304; 2004-0072; 2004-0073; 2004-0074; 2004-0075; 2004-0076; 2004-0077; 2004-0078; 2004-0079; 2004-0080; 2004-0081; 2004-0082; 2004-0083; 2004-0120; 2004-0129; 2007-0073; 2010-0532; 2011-0542; 2017-0038; 2022-0526
Grossulariaceae,Ribes,triste,1978-0535; 1984-0362; 2017-0238
Haloragaceae,Myriophyllum,sibiricum,1975-0633; 1978-0334
Hydrangeaceae,Philadelphus,lewisii,1970-0120; 1973-0483; 1974-0843; 1975-0081; 1983-0439; 1984-0421; 1989-0079; 1989-0080; 1989-0081; 1989-0082; 1989-0083; 1989-0084; 1989-0085; 1989-0086; 1989-0087; 1989-0088; 1989-0089; 1989-0090; 1989-0091; 1992-0082; 1992-0083; 1992-0084; 1992-0085; 1992-0086; 1992-0087; 2004-0098; 2007-0071; 2016-0278; 2017-0036
Hydrophyllaceae,Hydrophyllum,capitatum,1975-0314; 1980-0137; 1995-0244
Hydrophyllaceae,Hydrophyllum,tenuipes,1976-0419; 1996-0209; 2019-0669
Hydrophyllaceae,Phacelia,franklinii,1986-0088
Hydrophyllaceae,Phacelia,sericea,1974-0642; 1976-0288; 1980-0305; 1986-0039; 1989-0231; 1989-0244; 1992-0245; 1994-0443; 2010-0093; 2016-0265; 2016-0271; 2019-0939; 2025-0454
Hypericaceae,Hypericum,anagalloides,1979-0486; 1995-0426
Iridaceae,Iris,missouriensis,1977-0361; 1995-0372; 2015-0503
Iridaceae,Iris,sibirica,1975-0775
Iridaceae,Olsynium,douglasii,1973-0286; 1973-0292; 1974-1159; 1975-0175; 1983-0735; 1991-0352; 1992-0729; 1994-0392; 2006-0480; 2009-0175; 2009-0349; 2009-0350; 2013-0511; 2018-0860; 2019-1166; 2022-0010
Iridaceae,Sisyrinchium,californicum,1975-0381; 1977-0252; 1980-0145; 1994-0525; 1996-0543
Iridaceae,Sisyrinchium,idahoense,1976-0830; 1980-0306; 1996-0544; 2022-0122
Iridaceae,Sisyrinchium,inflatum,1976-0401; 1988-0521
Iridaceae,Sisyrinchium,littorale,1978-0278; 1981-0237; 1988-0302; 2004-0124
Iridaceae,Sisyrinchium,montanum,1975-0927
Isoetaceae,Isoetes,nuttallii,2014-0295
Juncaceae,Juncus,acuminatus,1986-0407
Juncaceae,Juncus,alpinoarticulatus,1983-0704
Juncaceae,Juncus,bufonius,1983-0705
Juncaceae,Juncus,conglomeratus,1972-0174
Juncaceae,Juncus,drummondii,1988-0473
Juncaceae,Juncus,effusus,1976-0222; 1986-0406
Juncaceae,Juncus,ensifolius,1983-0706; 2016-0333
Juncaceae,Juncus,filiformis,1975-0892; 1978-0485
Juncaceae,Juncus,nodosus,1983-0708
Juncaceae,Juncus,parryi,1986-0235
Juncaceae,Juncus,tenuis,1983-0709
Juncaceae,Juncus,triglumis,1983-0710
Juncaceae,Luzula,arcuata,1974-0639
Juncaceae,Luzula,confusa,1983-0716
Juncaceae,Luzula,multiflora,1975-0323; 1975-0324; 1975-0884; 2009-0151
Juncaceae,Luzula,parviflora,1975-0895; 1976-0262; 2006-0257
Juncaceae,Luzula,spicata,1974-0149; 1977-0205
Lamiaceae,Agastache,foeniculum,1996-0175; 2001-0308; 2019-0851; 2020-0728
Lamiaceae,Agastache,urticifolia,2021-0105
Lamiaceae,Clinopodium,douglasii,1975-0378; 1995-0432; 2010-0090; 2016-0324
Lamiaceae,Galeopsis,tetrahit,1977-0026
Lamiaceae,Glechoma,hederacea,1975-0192
Lamiaceae,Lamium,amplexicaule,1975-0204; 1975-0708
Lamiaceae,Lamium,purpureum,1983-0333
Lamiaceae,Leonurus,cardiaca,1980-0095; 1997-0192; 2004-0270; 2008-0296; 2019-1153
Lamiaceae,Lycopus,americanus,1975-0368
Lamiaceae,Lycopus,asper,1975-0711
Lamiaceae,Lycopus,uniflorus,1995-0428
Lamiaceae,Marrubium,vulgare,1975-0780; 1978-0417; 1999-0239
Lamiaceae,Melissa,officinalis,1979-0302; 1986-0304; 1998-0927; 2001-0347
Lamiaceae,Mentha,aquatica,1996-0514
Lamiaceae,Mentha,arvensis,1971-0117
Lamiaceae,Mentha,pulegium,1978-0397; 1978-0419; 1992-0742; 2024-0653
Lamiaceae,Mentha,spicata,1998-0928; 2001-0177; 2005-0247; 2023-0519; 2024-0533
Lamiaceae,Mentha,suaveolens,1975-0941; 1998-0914
Lamiaceae,Mentha,× piperita,1986-0305; 1998-0929; 2001-0346; 2002-0258
Lamiaceae,Monarda,fistulosa,1975-0422; 1977-0310; 1996-0095; 2018-0389; 2019-0478; 2019-0863; 2019-1053; 2020-0219; 2020-0524; 2021-0390; 2024-0637
Lamiaceae,Nepeta,cataria,1975-0712; 1977-0139; 1978-0398; 1995-0249; 1998-0501
Lamiaceae,Origanum,vulgare,1998-0930
Lamiaceae,Prunella,vulgaris,1975-0715; 1978-0291; 1982-1506; 1997-0142; 2001-0341; 2005-0164; 2013-0224; 2024-0651
Lamiaceae,Scutellaria,angustifolia,1976-0400
Lamiaceae,Scutellaria,galericulata,1978-0464
Lamiaceae,Scutellaria,lateriflora,1980-0208; 1987-0465; 2023-0308
Lamiaceae,Stachys,byzantina,1980-0099
Lamiaceae,Stachys,chamissonis,1975-0382
Lamiaceae,Stachys,mexicana,1975-0796
Lamiaceae,Stachys,palustris,1971-0064; 1975-0672
Lamiaceae,Teucrium,canadense,2017-0144; 2020-0525
Lentibulariaceae,Pinguicula,macroceras,1971-0090; 1975-0395
Lentibulariaceae,Pinguicula,vulgaris,1975-0161; 1978-0339
Lentibulariaceae,Utricularia,intermedia,1977-0254; 1978-0356
Lentibulariaceae,Utricularia,minor,1978-0357
Liliaceae,Calochortus,apiculatus,1978-0720; 1978-0948; 1980-0240; 1984-0317; 1984-0318; 1998-0453; 2010-0520; 2012-0340; 2015-0346
Liliaceae,Calochortus,lyallii,1973-0288; 1973-0289; 1980-0184; 2007-0407; 2011-0068; 2012-0111
Liliaceae,Calochortus,macrocarpus,1974-1145; 1974-1146; 1974-1147; 1975-0125; 1978-0954; 1980-0185; 1982-0477; 1982-0478; 1992-0723; 2010-0523; 2015-0126
Liliaceae,Clintonia,uniflora,1971-0126; 1971-0224; 1971-0225; 1973-0619; 1975-0135; 1977-0209; 1993-0565; 1994-0562; 1995-0957; 2013-0407; 2016-0366; 2016-0367
Liliaceae,Erythronium,montanum,1973-0746; 2009-0304; 2021-0013; 2024-0568
Liliaceae,Erythronium,oregonum,1973-0089; 1973-0434; 1973-0577; 1975-0149; 1977-0077; 1978-0953; 1982-1160; 1999-0516; 1999-0541; 2004-0068; 2006-0195; 2007-0062; 2007-0082; 2012-0087; 2012-0344; 2012-0356; 2012-0570; 2016-0001; 2018-0125; 2022-0366
Liliaceae,Erythronium,revolutum,1975-0210; 1977-0078; 1980-0034; 1982-1159; 1986-0501; 1993-0538; 2000-0513; 2012-0343; 2012-0357; 2014-0354; 2014-0396; 2016-0337; 2018-0126
Liliaceae,Fritillaria,affinis,1972-0663; 1973-0090; 1973-0185; 1973-0192; 1973-0663; 1975-0150; 1975-0871; 1978-0829; 1978-0830; 1978-0960; 1989-0150; 1995-0069; 1998-0128; 2000-0196; 2000-0219; 2004-0028; 2007-0063; 2007-0464; 2007-0511; 2007-0512; 2008-0355; 2009-0354; 2011-0443; 2013-0456; 2015-0238; 2015-0436; 2019-0834; 2022-0369
Liliaceae,Fritillaria,camschatcensis,1973-0747; 1975-0705; 1977-0039; 1994-0563; 2005-0134; 2010-0461; 2012-0088; 2012-0451; 2012-0455; 2022-0012
Liliaceae,Fritillaria,pudica,1975-0151; 1988-0512; 1994-0393; 1995-0251; 2002-0302; 2011-0444; 2013-0318; 2016-0118; 2019-1164
Liliaceae,Lilium,columbianum,1971-0213; 1973-0466; 1975-0155; 1979-0447; 1982-1224; 1988-0675; 1992-0717; 1992-0727; 1993-0561; 1995-0622; 1995-0958; 1998-0136; 2000-0221; 2000-0222; 2001-0553; 2004-0015; 2007-0465; 2011-0770; 2012-0091; 2012-0349; 2012-0384; 2013-0180; 2013-0399; 2015-0239; 2015-0458; 2016-0360; 2019-0941; 2024-0245
Liliaceae,Lloydia,serotina,1977-0590
Liliaceae,Prosartes,hookeri,1974-0177; 1975-0140; 1995-0093; 2004-0125; 2006-0193; 2006-0399; 2022-0376
Liliaceae,Prosartes,smithii,1974-0386; 1975-0359; 1992-0517; 1995-0230; 2013-0309; 2014-0346; 2014-0397; 2023-0180
Loasaceae,Mentzelia,laevicaulis,1996-0210; 1996-0283; 2002-0136; 2019-0070; 2022-0536
Lycopodiaceae,Lycopodium,clavatum,1976-0231; 2012-0350; 2016-0299
Malvaceae,Iliamna,rivularis,1986-0115; 1993-0177; 1996-0034; 2013-0146; 2024-0374
Malvaceae,Sidalcea,hendersonii,1976-0239; 1997-0140; 2010-0462; 2022-0121
Malvaceae,Sphaeralcea,coccinea,1977-0363; 1982-0863; 1991-0082; 2005-0194
Malvaceae,Sphaeralcea,munroana,1995-0495; 2007-0312
Melanthiaceae Tribe Melanthieae,Stenanthium,occidentale,1973-0162; 1974-0578; 1975-0178; 1975-0438; 2016-0266; 2018-0012; 2021-0014
Melanthiaceae Tribe Melanthieae,Toxicoscordion,venenosum,1971-0106; 1974-1161; 1975-0188; 1995-0070; 1995-0961; 2007-0088; 2011-0535; 2011-0879; 2012-0362; 2012-0517; 2012-0578; 2015-0240; 2015-0249
Melanthiaceae Tribe Melanthieae,Veratrum,viride,1995-0369; 2010-0515; 2012-0520; 2014-0377; 2015-0441; 2016-0361
Melanthiaceae Tribe Melanthieae,Zigadenus,elegans,1978-0737; 1979-0441; 1993-0562; 1995-0822; 1995-0960; 1998-0475
Melanthiaceae Tribe Parideae,Trillium,hibbersonii,1970-0125; 1972-0154; 1974-0995; 1974-1107; 1990-0514; 1995-0997; 2011-0126; 2019-0646; 2019-1175; 2024-0234
Melanthiaceae Tribe Parideae,Trillium,ovatum,1971-0188; 1971-0229; 1973-0735; 1975-0181; 1977-0079; 1995-0233; 1995-0240; 2003-0316; 2006-0204; 2006-0205; 2006-0398; 2009-0172; 2010-0538; 2012-0253; 2013-0140; 2017-0162; 2019-1078; 2025-0384
Melanthiaceae Tribe Xerophylleae,Xerophyllum,tenax,1971-0112; 1974-0190; 1974-0997; 1975-0442; 1980-0324; 1982-0279; 2011-0796; 2011-0836; 2023-0431
Menyanthaceae,Menyanthes,trifoliata,1975-0839
Menyanthaceae,Nephrophyllidium,crista-galli,1971-0095; 1973-0599; 1974-0506; 1977-0305; 1980-0358; 2004-0130; 2011-0539; 2012-0518; 2013-0306; 2024-0626
Montiaceae,Calandrinia,ciliata,1990-0104; 2010-0212
Montiaceae,Cistanthe,tweedyi,1972-0286; 1972-0532; 1973-0291; 1974-0012; 1974-0224; 1974-0754; 1976-0027; 1990-0506; 1991-0126; 1994-0560; 1998-0285; 2001-0424; 2001-0425; 2001-0426; 2004-0053; 2007-0388; 2010-0311; 2011-0710; 2011-0711; 2011-0712; 2011-0713; 2011-0714; 2011-0715; 2011-0716; 2011-0717; 2011-0718; 2011-0719; 2011-0720; 2011-0721; 2011-0722; 2011-0723; 2011-0724; 2011-0725; 2011-0726; 2011-0727; 2011-0728; 2011-0729; 2011-0730; 2011-0731; 2011-0732; 2011-0734; 2011-0742; 2011-0743; 2011-0744; 2011-0745; 2011-0746; 2011-0747; 2011-0748; 2011-0749; 2011-0750; 2012-0186; 2012-0187; 2012-0188; 2012-0189; 2012-0190; 2012-0191; 2012-0192; 2012-0193; 2016-0046
Montiaceae,Claytonia,cordifolia,1975-0423
Montiaceae,Claytonia,lanceolata,1975-0132
Montiaceae,Claytonia,perfoliata,1992-0512; 2025-0184
Montiaceae,Lewisia,columbiana,1972-0285; 1974-0950; 1988-0308; 1991-0179; 1991-0180; 1993-0280; 1994-0303; 1994-0465; 1995-0617; 1996-0832; 1998-0948; 2001-0242; 2009-0292; 2011-0667; 2011-0668; 2011-0669; 2011-0670; 2011-0671; 2011-0678; 2011-0679; 2011-0682; 2011-0683; 2011-0684; 2011-0696; 2011-0733; 2011-0736; 2011-0740; 2011-0741; 2012-0216; 2012-0249; 2015-0352; 2023-0238; 2023-0239; 2024-0251
Montiaceae,Lewisia,pygmaea,1977-0309; 1980-0254; 1988-0649; 1991-0181; 2008-0084; 2010-0349; 2012-0218; 2012-0226; 2013-0234; 2019-0069
Montiaceae,Lewisia,rediviva,1974-0229; 1975-0154; 1975-0317; 1980-0188; 1983-0323; 1984-0090; 1988-0289; 1988-0349; 1992-0069; 1995-0464; 1995-0818; 2000-0526; 2004-0194; 2006-0432; 2007-0211; 2008-0096; 2008-0103; 2010-0314; 2010-0350; 2013-0232; 2013-0267
Montiaceae,Lewisia,triphylla,2012-0223
Montiaceae,Montia,linearis,1976-0268
Montiaceae,Montia,parvifolia,1974-0233; 1975-0330; 2009-0118; 2012-0352
Myricaceae,Morella,californica,1973-0717; 1975-0218
Myricaceae,Myrica,gale,1973-0310; 1975-0093; 1994-0488; 2019-1033; 2023-0385
Nyctaginaceae,Abronia,latifolia,1977-0256; 1982-1041; 2015-0402
Nymphaeaceae,Nuphar,polysepala,1975-0842
Oleaceae,Fraxinus,latifolia,1995-0045; 2022-0042
Onagraceae,Camissonia,contorta,2017-0349
Onagraceae,Circaea,alpina,1975-0946; 2005-0067
Onagraceae,Clarkia,amoena,1975-0358; 2009-0131; 2015-0230
Onagraceae,Epilobium,angustifolium,1978-0096; 1982-0713; 1983-0687
Onagraceae,Epilobium,clavatum,2016-0287
Onagraceae,Oenothera,pallida,1989-0237; 1998-0484; 2008-0167; 2010-0075
Onagraceae,Oenothera,perennis,1994-0247; 1995-0068
Onocleaceae,Matteuccia,struthiopteris,1973-0524; 1974-0465; 1977-0345; 1997-0091; 2003-0317; 2011-0141; 2018-0818; 2019-0981
Ophioglossaceae,Botrychium,multifidum,1995-0419; 2013-0405; 2015-0348
Ophioglossaceae,Botrychium,virginianum,2017-0241
Orchidaceae,Corallorhiza,maculata,1976-0362
Orchidaceae,Corallorhiza,mertensiana,1971-0031; 1975-0301
Orchidaceae,Cypripedium,parviflorum,2019-1067
Orchidaceae,Epipactis,gigantea,1972-0282; 1975-0622; 2016-0209; 2024-0711; 2025-0389
Orchidaceae,Goodyera,oblongifolia,1974-0645; 1975-0069; 1998-0132; 2004-0099; 2008-0332; 2011-0802; 2012-0452; 2012-0454; 2015-0437; 2016-0368; 2019-1080
Orchidaceae,Hammarbya,paludosa,1976-0374
Orchidaceae,Listera,caurina,1971-0128; 1973-0603; 1975-0950
Orchidaceae,Listera,cordata,1975-0366
Orchidaceae,Piperia,unalascensis,1995-0253
Orchidaceae,Platanthera,chorisiana,1977-0230
Orchidaceae,Platanthera,dilatata,1975-0337; 1976-0340; 2011-0480; 2012-0387; 2013-0304; 2015-0358; 2025-0244
Orchidaceae,Platanthera,hyperborea,1973-0600; 1973-0601; 1975-0951
Orchidaceae,Platanthera,obtusata,1975-0644
Orchidaceae,Platanthera,orbiculata,1975-0162; 2018-0791
Orchidaceae,Platanthera,stricta,1973-0317; 1975-0338; 2013-0515
Orchidaceae,Spiranthes,romanzoffiana,1975-0437; 2014-0376
Orobanchaceae,Castilleja,cervina,1977-0154; 1980-0186
Orobanchaceae,Castilleja,cusickii,1978-0228
Orobanchaceae,Castilleja,elmeri,2008-0154
Orobanchaceae,Castilleja,hispida,1976-0313; 1991-0383; 2009-0226; 2013-0198
Orobanchaceae,Castilleja,levisecta,2011-0620; 2018-0721; 2021-0024
Orobanchaceae,Castilleja,lutescens,1983-0933
Orobanchaceae,Castilleja,miniata,1970-0131; 1975-0680; 1977-0580; 1977-0775; 1991-0417; 2009-0227; 2011-0768; 2011-0803; 2012-0457; 2015-0459; 2022-0003; 2022-0036; 2022-0111
Orobanchaceae,Castilleja,parviflora,2008-0157
Orobanchaceae,Castilleja,rhexifolia,1975-0681
Orobanchaceae,Castilleja,sulphurea,1975-0129
Orobanchaceae,Castilleja,thompsonii,1978-0229; 2009-0228
Orobanchaceae,Castilleja,unalaschcensis,1976-0678
Orobanchaceae,Orobanche,uniflora,2019-1090
Orobanchaceae,Pedicularis,bracteosa,2012-0519
Orobanchaceae,Pedicularis,lanata,1978-0337
Orobanchaceae,Pedicularis,oederi,1978-0338
Orobanchaceae,Pedicularis,parviflora,1978-0458; 1978-0491
Orobanchaceae,Pedicularis,racemosa,2015-0466; 2016-0304
Orobanchaceae,Rhinanthus,minor,1974-1156; 1977-0184; 1977-0647
Oxalidaceae,Oxalis,oregana,1974-1273; 1976-0640; 1977-0092; 1977-0225; 1978-0082; 2003-0319; 2005-0125
Oxalidaceae,Oxalis,stricta,1983-0720; 1984-0122
Papaveraceae,Oreomecon,lapponica,1979-0254; 1982-0341; 1992-0526
Papaveraceae subfam. Fumarioideae,Capnoides,sempervirens,1975-0303; 1977-0497; 1988-0306; 1999-0384; 2010-0247; 2017-0231
Papaveraceae subfam. Fumarioideae,Corydalis,aurea,1980-0244; 1992-0514; 2015-0445
Papaveraceae subfam. Fumarioideae,Corydalis,pauciflora,1978-0325; 2008-0054
Papaveraceae subfam. Fumarioideae,Corydalis,scouleri,1977-0461; 2012-0348; 2021-0010
Papaveraceae subfam. Fumarioideae,Dicentra,formosa,1975-0202; 1976-0062; 1978-0251; 2010-0456; 2010-0541; 2019-0998; 2021-0170; 2023-0236; 2023-0320
Papaveraceae subfam. Fumarioideae,Fumaria,officinalis,1978-0930
Papaveraceae subfam. Papaveroideae,Papaver,alboroseum,1977-0298; 1990-0245; 1992-0527; 2003-0155
Phrymaceae,Erythranthe,alsinoides,1975-0840
Phrymaceae,Erythranthe,caespitosa,1992-0806
Phrymaceae,Erythranthe,floribunda,1983-0718
Phrymaceae,Erythranthe,guttata,1974-0514; 1975-0216; 1975-0939; 1982-0809; 1987-0105; 1990-0102; 2006-0196; 2006-0198; 2007-0502; 2009-0114; 2009-0115; 2010-0161; 2010-0192; 2016-0345; 2019-0825; 2019-1072
Phrymaceae,Erythranthe,lewisii,1973-0689; 1975-0328; 1975-0370; 1977-0273; 1982-0817; 1982-1167; 1988-0298; 1992-0319; 1995-0175; 1999-0280; 2014-0053; 2014-0420; 2016-0359; 2019-0942
Phrymaceae,Erythranthe,moschata,1975-0841; 1995-0178
Pinaceae,Abies,amabilis,1974-0438; 1975-0756; 2002-0134; 2016-0306; 2016-0356; 2022-0480; 2022-0483
Pinaceae,Abies,grandis,1973-0327; 1975-0077; 1975-0735; 1975-0757; 1994-0267; 2003-0280; 2003-0295; 2003-0296; 2004-0115; 2004-0116; 2016-0322; 2016-0419; 2017-0412; 2019-0226; 2022-0496; 2022-0537
Pinaceae,Abies,lasiocarpa,1973-0443; 1973-0736; 1974-0422; 1974-0439; 1974-0598; 1994-0550; 1999-0327; 2011-0058; 2016-0293; 2022-0482
Pinaceae,Larix,laricina,1974-0529; 1977-0342; 2012-0241; 2017-0353
Pinaceae,Larix,lyallii,1973-0584; 1975-0291; 1975-0628; 2000-0340
Pinaceae,Larix,occidentalis,1973-0492; 1975-0778; 1982-0501; 1995-0792; 2011-0056
Pinaceae,Picea,engelmannii,1974-0612; 1974-1155; 1974-1242; 1975-0814; 1994-0382; 2012-0378; 2022-0541
Pinaceae,Picea,glauca,1973-0491; 1975-0643; 1994-0268; 2003-0281
Pinaceae,Picea,mariana,1974-0154; 1977-0347; 1998-0401; 2005-0128; 2020-0353; 2023-0110
Pinaceae,Picea,sitchensis,1975-0782; 1976-0737; 1982-0582; 1995-0978; 2005-0129; 2011-0057; 2016-0344; 2025-0264
Pinaceae,Pinus,albicaulis,1974-0431; 1974-0613; 1974-0614; 2001-0338; 2021-0697; 2022-0636
Pinaceae,Pinus,contorta,1972-0779; 1973-0297; 1973-0445; 1973-0452; 1974-0432; 1974-0615; 1974-0616; 1974-0617; 1975-0742; 1975-0783; 1978-0754; 1994-0269; 2016-0039; 2016-0346
Pinaceae,Pinus,flexilis,1995-0314; 2015-0483; 2021-0135; 2021-0136; 2021-0137; 2022-0415; 2025-0343
Pinaceae,Pinus,monticola,1973-0490; 1974-0618; 1975-0820; 1995-0315; 2022-0539
Pinaceae,Pinus,ponderosa,1995-0882; 2022-0417; 2022-0655
Pinaceae,Pseudotsuga,menziesii,1970-0012; 1974-0286; 1974-0620; 1975-0787; 1976-0063; 1976-0417; 1994-0270; 2003-0288; 2004-0117; 2010-0728; 2011-0059; 2011-0800; 2011-0928; 2016-0418
Pinaceae,Tsuga,heterophylla,1976-0064; 1977-0691; 1994-0272; 2009-0373; 2016-0420; 2025-0265
Pinaceae,Tsuga,mertensiana,1972-0661; 2011-0269; 2016-0292; 2019-0946; 2022-0650; 2023-0460
Plantaginaceae,Callitriche,stagnalis,1976-0259; 1980-0495
Plantaginaceae,Collinsia,grandiflora,1975-0136; 1980-0129; 2021-0079
Plantaginaceae,Collinsia,parviflora,1976-0263; 2007-0501; 2015-0448
Plantaginaceae,Digitalis,purpurea,1974-1361; 1975-0703; 1978-0396; 1998-0018; 2003-0211; 2004-0269; 2005-0191; 2006-0268; 2008-0210; 2010-0561; 2015-0154; 2019-0283; 2021-0350; 2022-0644
Plantaginaceae,Linaria,genistifolia,1975-0318; 1996-0106
Plantaginaceae,Linaria,purpurea,1975-0319
Plantaginaceae,Linaria,vulgaris,1975-0365; 1980-0107
Plantaginaceae,Nothochelone,nemorosa,1976-0339; 1991-0242; 2019-0667
Plantaginaceae,Penstemon,albertinus,1975-0863; 1982-0849; 1998-0537; 2000-0525
Plantaginaceae,Penstemon,confertus,1973-0277; 1975-0819; 1994-0532; 1998-0835; 2011-0629
Plantaginaceae,Penstemon,davidsonii,1973-0402; 1975-0288; 1975-0729; 1975-0936; 1977-0167; 1987-0104; 2007-0409; 2008-0333; 2010-0083; 2010-0084; 2011-0643; 2011-0647; 2011-0648; 2011-0649; 2012-0290; 2012-0291; 2013-0096; 2015-0086; 2015-0405; 2015-0471; 2016-0213; 2019-0948; 2019-0949; 2019-1085; 2019-1086
Plantaginaceae,Penstemon,ellipticus,1976-0393; 1982-1346; 2004-0174; 2007-0310; 2007-0311; 2011-0061; 2012-0300
Plantaginaceae,Penstemon,eriantherus,2002-0428
Plantaginaceae,Penstemon,fruticosus,1971-0049; 1971-0108; 1972-0431; 1972-0595; 1974-0420; 1974-0842; 1975-0333; 1988-0274; 1993-0044; 1993-0046; 1993-0047; 1993-0048; 1993-0050; 1993-0051; 1993-0052; 1993-0055; 1993-0288; 1999-0037; 2000-0353; 2005-0081; 2006-0288; 2009-0259; 2010-0495; 2010-0496; 2010-0497; 2010-0498; 2010-0499; 2011-0400; 2011-0402; 2011-0424; 2011-0628; 2011-0630; 2011-0635; 2011-0636; 2011-0650; 2012-0121; 2012-0305; 2014-0075; 2015-0098; 2015-0099; 2015-0100; 2019-0903; 2020-0544
Plantaginaceae,Penstemon,gormanii,1977-0346; 1982-0848; 1990-0294; 1999-0282
Plantaginaceae,Penstemon,ovatus,1975-0334; 1995-0237; 1997-0196; 1999-0445; 2022-0115
Plantaginaceae,Penstemon,procerus,1972-0226; 1974-0468; 1974-1006; 1992-0072; 2006-0436; 2010-0095; 2011-0646; 2012-0194; 2014-0412; 2019-0925
Plantaginaceae,Penstemon,pruinosus,1976-0285; 1990-0229; 2007-0269; 2010-0076; 2019-0177; 2025-0110
Plantaginaceae,Penstemon,richardsonii,1990-0230; 1992-0243; 1998-0262; 2007-0270; 2011-0391; 2013-0502
Plantaginaceae,Penstemon,serrulatus,1971-0038; 1971-0116; 1972-0221; 1973-0477; 1975-0335; 1992-0073; 1995-0337; 1998-0467; 2007-0365; 2010-0088; 2012-0442; 2015-0435; 2023-0151
Plantaginaceae,Plantago,major,1974-0795; 1975-0714; 2001-0170; 2010-0559
Plantaginaceae,Veronica,americana,1975-0386
Plantaginaceae,Veronica,catenata,1975-0972
Plantaginaceae,Veronica,chamaedrys,1977-0792; 1996-0492
Plantaginaceae,Veronica,cusickii,1974-0738
Plantaginaceae,Veronica,officinalis,1975-0350; 1975-0799; 2013-0225
Plantaginaceae,Veronica,peregrina,1978-0466
Plantaginaceae,Veronica,persica,1984-0129
Plantaginaceae,Veronica,scutellata,2010-0305
Plantaginaceae,Veronica,serpyllifolia,1974-0492
Plantaginaceae,Veronica,wyomingensis,2019-0092
Plumbaginaceae,Armeria,maritima,1971-0022; 1972-0399; 1973-0101; 1975-0355; 2007-0092; 2015-0478; 2021-0002; 2022-0118
Poaceae,Oryzopsis,asperifolia,1974-1226; 2019-1005
Poaceae,Pleuropogon,refractus,1977-0471
Poaceae,Schizachne,purpurascens,1974-0466
Poaceae subfam. Chloridoideae,Eragrostis,cilianensis,1989-0096
Poaceae subfam. Chloridoideae,Eragrostis,minor,1989-0095
Poaceae subfam. Danthonioideae,Danthonia,californica,2005-0329; 2009-0185; 2010-0401; 2022-0361
Poaceae subfam. Danthonioideae,Danthonia,intermedia,2012-0389
Poaceae subfam. Panicoideae,Cenchrus,longispinus,1989-0098
Poaceae subfam. Panicoideae,Digitaria,ischaemum,1987-0300
Poaceae subfam. Panicoideae,Panicum,occidentale,1975-0635
Poaceae subfam. Panicoideae,Panicum,oligosanthes,1976-0338; 1995-0431
Poaceae subfam. Panicoideae,Setaria,glauca,1987-0301
Poaceae subfam. Pharoideae,Agrostis,exarata,1983-0652; 1988-0472
Poaceae subfam. Pharoideae,Agrostis,oregonensis,1985-0050
Poaceae subfam. Pharoideae,Alopecurus,aequalis,1978-0435
Poaceae subfam. Pharoideae,Alopecurus,geniculatus,1988-0305
Poaceae subfam. Pharoideae,Alopecurus,magellanicus,1976-0375
Poaceae subfam. Pharoideae,Ammophila,arenaria,1976-0357
Poaceae subfam. Pharoideae,Anthoxanthum,odoratum,1976-0261
Poaceae subfam. Pharoideae,Bromus,briziformis,1986-0238
Poaceae subfam. Pharoideae,Bromus,carinatus,2005-0328
Poaceae subfam. Pharoideae,Bromus,ciliatus,1974-0443
Poaceae subfam. Pharoideae,Bromus,inermis,1983-0659
Poaceae subfam. Pharoideae,Bromus,pumpellianus,1983-0660
Poaceae subfam. Pharoideae,Bromus,sitchensis,1986-0306
Poaceae subfam. Pharoideae,Bromus,vulgaris,1983-0661
Poaceae subfam. Pharoideae,Calamagrostis,canadensis,1973-0312
Poaceae subfam. Pharoideae,Calamagrostis,lapponica,1983-0663
Poaceae subfam. Pharoideae,Calamagrostis,nutkaensis,1975-0583; 1977-0229
Poaceae subfam. Pharoideae,Cinna,latifolia,1977-0172
Poaceae subfam. Pharoideae,Cynosurus,echinatus,1973-0067
Poaceae subfam. Pharoideae,Dactylis,glomerata,1984-0491
Poaceae subfam. Pharoideae,Deschampsia,cespitosa,1972-0122; 1975-0586
Poaceae subfam. Pharoideae,Deschampsia,elongata,1977-0469
Poaceae subfam. Pharoideae,Elymus,glaucus,1973-0068; 2005-0332; 2009-0188; 2009-0189; 2019-0716; 2022-0364
Poaceae subfam. Pharoideae,Elymus,smithii,1986-0404
Poaceae subfam. Pharoideae,Glyceria,borealis,1978-0533
Poaceae subfam. Pharoideae,Glyceria,elata,1973-0303
Poaceae subfam. Pharoideae,Glyceria,striata,1983-0700
Poaceae subfam. Pharoideae,Hierochloe,hirta,1972-0096; 1995-0425
Poaceae subfam. Pharoideae,Holcus,lanatus,1976-0316
Poaceae subfam. Pharoideae,Koeleria,macrantha,1974-0462; 2005-0330; 2009-0153; 2022-0371
Poaceae subfam. Pharoideae,Leymus,cinereus,1983-0684
Poaceae subfam. Pharoideae,Leymus,innovatus,1983-0685
Poaceae subfam. Pharoideae,Leymus,mollis,1975-0588; 1977-0228; 1995-0437
Poaceae subfam. Pharoideae,Leymus,× vancouverensis,1995-0438
Poaceae subfam. Pharoideae,Lolium,multiflorum,1977-0470
Poaceae subfam. Pharoideae,Melica,subulata,1975-0594; 2010-0164
Poaceae subfam. Pharoideae,Phalaris,arundinacea,1976-0317; 1977-0199
Poaceae subfam. Pharoideae,Phalaris,canariensis,1983-0721
Poaceae subfam. Pharoideae,Phleum,alpinum,1972-0147; 1974-0515
Poaceae subfam. Pharoideae,Phleum,pratense,1983-0722
Poaceae subfam. Pharoideae,Poa,alpina,1972-0148; 1977-0202; 2000-0258
Poaceae subfam. Pharoideae,Poa,annua,1985-0054
Poaceae subfam. Pharoideae,Poa,arctica,1983-0723
Poaceae subfam. Pharoideae,Poa,bulbosa,1978-0493
Poaceae subfam. Pharoideae,Poa,cusickii,1983-0724
Poaceae subfam. Pharoideae,Poa,glauca,1972-0149
Poaceae subfam. Pharoideae,Poa,howellii,1983-0725
Poaceae subfam. Pharoideae,Poa,macrantha,1975-0286; 1977-0224; 1978-0504
Poaceae subfam. Pharoideae,Poa,nemoralis,1972-0151
Poaceae subfam. Pharoideae,Poa,pratensis,1983-0726
Poaceae subfam. Pharoideae,Poa,secunda,1971-0062
Poaceae subfam. Pharoideae,Poa,stenantha,1974-0517
Poaceae subfam. Pharoideae,Vulpia,myuros,1985-0056
Poaceae subfam. Pooideae,Festuca,altaica,1975-0751
Poaceae subfam. Pooideae,Festuca,brachyphylla,1974-0206; 1974-0735; 1983-0694
Poaceae subfam. Pooideae,Festuca,occidentalis,1972-0554
Poaceae subfam. Pooideae,Festuca,roemeri,2005-0331; 2006-0453; 2009-0317; 2012-0358; 2014-0352; 2015-0247; 2020-0480; 2022-0367; 2023-0324
Poaceae subfam. Pooideae,Festuca,rubra,1972-0146; 1975-0958; 1976-0663; 1976-0754; 1977-0227; 2013-0277; 2016-0117
Poaceae subfam. Pooideae,Festuca,saximontana,1976-0756; 2011-0316
Poaceae subfam. Pooideae,Festuca,subulata,1983-0695
Poaceae subfam. Pooideae,Festuca,tenuifolia,1983-0696
Poaceae subfam. Pooideae,Hordeum,jubatum,1979-0666
Poaceae subfam. Pooideae,Stipa,comata,1973-0145
Poaceae subfam. Pooideae,Stipa,hymenoides,1977-0143
Poaceae subfam. Pooideae,Stipa,lemmonii,2005-0333; 2007-0221
Poaceae subfam. Pooideae,Stipa,occidentalis,2010-0217
Poaceae subfam. Pooideae,Stipa,richardsonii,1974-0486
Polemoniaceae,Gilia,capitata,2019-0294; 2021-0080; 2021-0361
Polemoniaceae,Leptodactylon,pungens,1975-0414; 1999-0113; 2007-0210
Polemoniaceae,Phlox,caespitosa,1975-0880; 1980-0191; 1982-0791; 1990-0585; 2010-0470
Polemoniaceae,Phlox,diffusa,1973-0278; 1974-0554; 1974-0557; 1974-0736; 2010-0094; 2012-0400; 2012-0401; 2012-0402; 2012-0403; 2016-0280; 2019-0930
Polemoniaceae,Phlox,hoodii,1999-0344; 2002-0200
Polemoniaceae,Polemonium,boreale,1977-0502; 2013-0447; 2014-0153
Polemoniaceae,Polemonium,pulcherrimum,1975-0846; 1979-0252; 1980-0058; 2000-0342; 2013-0401
Polygonaceae,Bistorta,vivipara,1975-0647
Polygonaceae,Eriogonum,heracleoides,2014-0325; 2016-0277; 2022-0006
Polygonaceae,Eriogonum,niveum,1975-0147; 1976-0427; 2014-0324; 2018-0106; 2022-0007
Polygonaceae,Eriogonum,ovalifolium,1974-0932; 1975-0148; 1977-0246; 1994-0152; 1996-0200; 1996-0244; 1999-0134; 2013-0390; 2021-0110; 2024-0255
Polygonaceae,Eriogonum,pyrolifolium,2019-0066
Polygonaceae,Eriogonum,umbellatum,1982-1365; 1997-0183; 2001-0496; 2016-0212; 2019-0929; 2021-0686; 2022-0008
Polygonaceae,Oxyria,digyna,1974-0207; 1975-0634; 1982-1131; 2001-0310; 2022-0092; 2022-0576; 2025-0310
Polygonaceae,Persicaria,nepalensis,1984-0551
Polygonaceae,Polygonum,amphibium,1975-0646
Polygonaceae,Polygonum,douglasii,1986-0302
Polygonaceae,Polygonum,paronychia,1982-1361
Polygonaceae,Polygonum,persicaria,1983-0727
Polygonaceae,Rumex,acetosa,1974-0208
Polygonaceae,Rumex,acetosella,1979-0490
Polygonaceae,Rumex,arcticus,1983-0729
Polygonaceae,Rumex,crispus,1983-0730; 1996-0096
Polygonaceae,Rumex,salicifolius,1978-0495
Polypodiaceae,Polypodium,amorphum,1976-0382
Polypodiaceae,Polypodium,glycyrrhiza,1975-0426; 2003-0318; 2012-0229; 2016-0325; 2019-1075; 2023-0321
Polypodiaceae,Polypodium,hesperium,1975-0427; 1979-0448; 2017-0203
Potamogetonaceae,Potamogeton,natans,1978-0340
Primulaceae,Anagallis,arvensis,1982-0265; 2025-0177
Primulaceae,Androsace,chamaejasme,1974-0707; 1978-0747; 1979-0395; 2023-0114
Primulaceae,Androsace,laevigata,1973-0725; 1974-0839; 1974-1175; 1975-0473; 1979-0444; 1983-0247; 1989-0439; 1994-0481; 2018-0470
Primulaceae,Dodecatheon,dentatum,1980-0246; 1982-1150; 1994-0566; 2009-0309; 2010-0328; 2022-0138
Primulaceae,Dodecatheon,frigidum,1978-0326
Primulaceae,Dodecatheon,hendersonii,1972-0695; 1973-0088; 1975-0141; 1978-0817; 1992-0726; 1993-0536; 1995-0991; 2006-0194; 2007-0081; 2007-0096; 2007-0510; 2008-0433; 2009-0301; 2011-0863; 2012-0086; 2012-0355; 2013-0273; 2013-0441; 2022-0362; 2022-0363; 2024-0083
Primulaceae,Dodecatheon,jeffreyi,1971-0089; 1974-0503; 1974-0571; 1975-0587; 1982-0921; 1994-0544; 1995-0992; 2011-0831; 2017-0398
Primulaceae,Dodecatheon,pulchellum,1976-0225; 1978-0206; 2012-0568
Primulaceae,Glaux,maritima,1990-0301
Primulaceae,Lysimachia,ciliata,1987-0446; 2022-0291
Primulaceae,Lysimachia,nummularia,1975-0369; 2024-0317
Primulaceae,Lysimachia,thyrsiflora,1975-0197
Primulaceae,Lysimachia,vulgaris,1977-0786
Primulaceae,Trientalis,europaea,1975-0441
Primulaceae,Trientalis,latifolia,1974-0320; 1976-0050; 1995-0239; 2010-0530
Pteridaceae,Adiantum,aleuticum,1973-0632; 1974-1310; 1975-0206; 1978-0081; 2007-0349; 2011-0295; 2013-0457; 2016-0307; 2016-0317; 2017-0019; 2019-1079
Pteridaceae,Adiantum,capillus-veneris,1975-0602; 2011-0107
Pteridaceae,Aspidotis,densa,1974-0174; 1976-0224; 1978-0807; 2016-0215; 2022-0522
Pteridaceae,Cheilanthes,feei,1975-0609
Pteridaceae,Cheilanthes,gracillima,1973-0290; 1974-0570; 1975-0828; 2007-0471; 2021-0689; 2022-0518; 2023-0482
Pteridaceae,Cryptogramma,acrostichoides,1995-0842; 2011-0310; 2012-0453
Pteridaceae,Pentagramma,triangularis,1975-0845; 1976-0235; 2007-0420; 2008-0260; 2011-0332; 2011-0625; 2017-0402; 2022-0374
Ranunculaceae,Trautvetteria,caroliniensis,1975-0228; 1995-0232; 2007-0499; 2012-0363; 2014-0353; 2016-0335; 2019-0823
Ranunculaceae subfam. Coptoideae,Coptis,aspleniifolia,1971-0093; 1973-0587; 1973-0596; 2016-0300
Ranunculaceae subfam. Ranunculoideae,Aconitum,columbianum,1973-0363
Ranunculaceae subfam. Ranunculoideae,Aconitum,delphiniifolium,1978-0318; 1989-0767; 1992-0848; 2014-0371
Ranunculaceae subfam. Ranunculoideae,Actaea,elata,2019-0670; 2019-0671; 2019-0672
Ranunculaceae subfam. Ranunculoideae,Actaea,rubra,1973-0304; 1973-0305; 1975-0199; 1994-0559; 1995-0229; 2001-0309; 2010-0471; 2011-0788; 2017-0225; 2017-0246; 2017-0255
Ranunculaceae subfam. Ranunculoideae,Anemone,canadensis,2018-0768; 2020-0587
Ranunculaceae subfam. Ranunculoideae,Anemone,lyallii,1973-0623; 1976-0358; 1980-0063; 1980-0069; 2000-0432
Ranunculaceae subfam. Ranunculoideae,Anemone,multifida,1971-0065; 1971-0085; 1972-0275; 1973-0442; 1973-0656; 1974-1000; 1975-0292; 1975-0975; 1979-0594; 1981-0273; 1983-0052; 1983-0483; 1984-0132; 1989-0361; 1991-0153; 1995-0367; 1997-0025; 2000-0032; 2013-0395; 2015-0193; 2017-0033
Ranunculaceae subfam. Ranunculoideae,Anemone,occidentalis,1974-1142; 1975-0603; 1982-0128; 1982-1370; 1992-0472; 2005-0233; 2014-0419; 2018-0862; 2019-0926
Ranunculaceae subfam. Ranunculoideae,Anemone,parviflora,1975-0604; 1983-0107; 2016-0283; 2019-0935
Ranunculaceae subfam. Ranunculoideae,Anemone,richardsonii,1978-0118; 1978-0320
Ranunculaceae subfam. Ranunculoideae,Caltha,leptosepala,1975-0298; 1976-0824; 1995-0394; 2009-0302; 2014-0308; 2014-0309; 2015-0349; 2015-0350; 2019-1161; 2022-0140
Ranunculaceae subfam. Ranunculoideae,Caltha,natans,1978-0322; 1980-0308
Ranunculaceae subfam. Ranunculoideae,Caltha,palustris,1977-0334; 1995-0092; 2006-0221; 2012-0247; 2015-0077; 2018-0140; 2020-0548; 2021-0043
Ranunculaceae subfam. Ranunculoideae,Clematis,ligusticifolia,1975-0134
Ranunculaceae subfam. Ranunculoideae,Clematis,occidentalis,1971-0068; 1973-0366; 1973-0718; 1975-0133; 1975-0829; 1978-0316; 1980-0128; 1986-0090; 2002-0204; 2002-0255; 2011-0645; 2011-0658; 2016-0370
Ranunculaceae subfam. Ranunculoideae,Delphinium,glareosum,2011-0245
Ranunculaceae subfam. Ranunculoideae,Delphinium,glaucum,1974-0451; 1977-0552; 1986-0518; 1989-0768; 1995-0953
Ranunculaceae subfam. Ranunculoideae,Delphinium,menziesii,1974-0212; 1974-0226; 1975-0139; 1976-0831; 1995-0269; 1999-0178; 2007-0086; 2010-0306; 2012-0354; 2012-0381; 2019-0835
Ranunculaceae subfam. Ranunculoideae,Delphinium,nuttallianum,1976-0264; 2004-0150; 2011-0442
Ranunculaceae subfam. Ranunculoideae,Ranunculus,occidentalis,1974-0474; 1974-1129; 1975-0596; 1976-0293; 1976-0642; 2011-0268
Ranunculaceae subfam. Ranunculoideae,Trollius,albiflorus,2015-0362
Ranunculaceae subfam. Ranunculoideae,Trollius,laxus,1975-0348; 1977-0215; 1982-1368
Ranunculaceae subfam. Thalictroideae,Aquilegia,brevistyla,1977-0494; 1980-0115; 1982-0920; 2014-0379
Ranunculaceae subfam. Thalictroideae,Aquilegia,flavescens,1971-0110; 1973-0616; 1977-0495; 1979-0397; 1998-0812; 2024-0350
Ranunculaceae subfam. Thalictroideae,Aquilegia,formosa,1971-0086; 1973-0593; 1973-0723; 1974-1143; 1975-0200; 1976-0065; 1976-0406; 1992-0510; 1992-0511; 1992-0592; 2007-0354; 2011-0404; 2011-0405; 2012-0456; 2019-0780; 2022-0235; 2023-0370
Ranunculaceae subfam. Thalictroideae,Thalictrum,alpinum,2000-0374; 2006-0447; 2021-0177
Ranunculaceae subfam. Thalictroideae,Thalictrum,occidentale,1977-0789; 2012-0388; 2013-0404; 2013-0526
Rhamnaceae,Ceanothus,sanguineus,1973-0487; 1975-0815; 2016-0372
Rhamnaceae,Ceanothus,velutinus,1994-0558; 2016-0353; 2019-0909; 2022-0492
Rhamnaceae,Frangula,purshiana,1971-0087; 1973-0321; 1973-0473; 1975-0075; 1976-0066; 1978-0761; 1980-0317; 2003-0285; 2004-0097; 2016-0416; 2023-0436
Rhamnaceae,Rhamnus,alnifolia,1973-0460; 1975-0653; 1980-0316; 2022-0174
Rosaceae,Amelanchier,alnifolia,1970-0112; 1971-0084; 1973-0326; 1973-0684; 1973-0685; 1973-0724; 1974-0322; 1974-0368; 1974-0592; 1975-0761; 1975-0926; 2003-0293; 2003-0301; 2007-0058; 2011-0406; 2015-0347; 2015-0446; 2021-0671
Rosaceae,Amelanchier,cusickii,1971-0073; 1973-0498; 1975-0116
Rosaceae,Aphanes,occidentalis,1987-0025
Rosaceae,Aruncus,dioicus,1975-0079; 1984-0558; 1992-0804; 1996-0684; 2004-0092; 2004-0121; 2010-0543; 2016-0305; 2019-0607
Rosaceae,Comarum,palustre,1977-0169
Rosaceae,Crataegus,douglasii,2012-0069
Rosaceae,Dasiphora,fruticosa,1972-0730; 1972-0731; 1972-0739; 1974-0619; 1974-1211; 1975-0063; 1975-0753; 1975-0902; 1976-0395; 1977-0505; 1977-0506; 1977-0509; 1977-0522; 1979-0426; 1985-0510; 1989-0130; 2010-0468; 2014-0151; 2014-0391; 2019-0789; 2019-0790; 2019-0791; 2020-0575; 2022-0593; 2024-0683
Rosaceae,Dryas,drummondii,1975-0307; 1978-0209; 1980-0309; 1997-0355; 2000-0407; 2010-0469; 2022-0598; 2025-0451
Rosaceae,Dryas,integrifolia,1974-0633; 1977-0340; 1977-0599; 1979-0410; 1980-0303; 1983-0005; 2002-0241; 2015-0094; 2019-0677; 2019-0678; 2025-0311
Rosaceae,Dryas,octopetala,1974-0195; 1974-0928; 1979-0779; 1985-0178; 1993-0514; 2001-0268; 2019-0005; 2019-0103; 2024-0224
Rosaceae,Fragaria,chiloensis,1975-0211; 1984-0591; 1986-0170; 2002-0138; 2002-0147; 2002-0148; 2002-0149; 2002-0150; 2002-0151; 2002-0152; 2003-0279; 2010-0312
Rosaceae,Fragaria,vesca,1974-0635; 1976-0280; 1977-0164; 1995-0841; 2001-0360; 2003-0277; 2003-0307
Rosaceae,Fragaria,virginiana,1973-0711; 1978-0929; 2002-0155; 2002-0156; 2009-0285; 2009-0286; 2022-0292; 2022-0368
Rosaceae,Geum,macrophyllum,1978-0889; 2009-0092
Rosaceae,Geum,triflorum,1972-0664; 1973-0644; 1977-0044; 1980-0304; 1992-0065; 1996-0149; 2004-0132; 2013-0397
Rosaceae,Holodiscus,discolor,1970-0119; 1973-0316; 1975-0071; 1976-0201; 1983-0440; 2002-0476; 2003-0283; 2004-0107; 2004-0108; 2007-0065; 2010-0114; 2010-0544; 2015-0403; 2016-0310; 2016-0311
Rosaceae,Luetkea,pectinata,1971-0228; 1975-0367; 1975-0684; 1988-0332; 2012-0393; 2015-0353; 2016-0264; 2017-0422; 2024-0569; 2024-0624; 2025-0261
Rosaceae,Malus,fusca,1973-0314; 1973-0322; 1980-0148; 2007-0070; 2016-0318; 2023-0113
Rosaceae,Oemleria,cerasiformis,1975-0094; 1976-0809; 2010-0547; 2011-0399
Rosaceae,Physocarpus,capitatus,1973-0308; 1974-0844; 1975-0724; 2003-0310; 2004-0061; 2004-0062; 2004-0063; 2010-0529; 2016-0328
Rosaceae,Physocarpus,malvaceus,1973-0488; 1992-0773; 1993-0049; 2000-0349
Rosaceae,Potentilla,flabellifolia,1978-0734
Rosaceae,Potentilla,glandulosa,1971-0067; 1976-0291; 2002-0144
Rosaceae,Potentilla,hyparctica,1996-0115
Rosaceae,Potentilla,nivea,1974-0788; 1976-0396; 1978-0259; 1979-0427; 2019-0623; 2021-0512
Rosaceae,Potentilla,recta,1989-0328; 1998-0720; 2001-0340; 2001-0342
Rosaceae,Potentilla,villosa,1971-0222; 1972-0517; 1972-0567; 1974-0113; 1974-0472; 1975-0224; 1975-0595; 1976-0765; 1977-0601; 1977-0675; 1979-0768; 1988-0564; 2004-0008; 2007-0368; 2007-0369; 2014-0154
Rosaceae,Potentilla,villosula,2022-0477
Rosaceae,Potentilla,virginiana,2002-0153; 2002-0154
Rosaceae,Prunus,emarginata,1973-0485; 1974-0345; 1976-0067; 2001-0353; 2016-0334
Rosaceae,Prunus,laurocerasus,1974-0290; 1974-0363; 1985-0052
Rosaceae,Prunus,virginiana,1975-0786; 1995-0883; 2011-0144; 2012-0093; 2019-1018; 2023-0251
Rosaceae,Rosa,acicularis,1970-0121; 1974-0627; 1977-0738; 2000-0343; 2018-0485
Rosaceae,Rosa,arkansana,1978-0129; 1978-0347; 1982-0453; 2008-0288
Rosaceae,Rosa,canina,1978-0311; 1997-0561; 2020-0661; 2020-0676
Rosaceae,Rosa,gymnocarpa,1971-0083; 1976-0310; 2007-0074; 2008-0243; 2008-0254; 2012-0449
Rosaceae,Rosa,nutkana,1970-0122; 1974-1171; 1988-0311; 1992-0602; 1995-0917; 2000-0344; 2007-0075; 2011-0108; 2011-0476; 2015-0449
Rosaceae,Rosa,pisocarpa,1970-0115; 1974-0188; 1992-0603; 2000-0345; 2016-0316; 2024-0687
Rosaceae,Rosa,woodsii,2011-0422; 2024-0671
Rosaceae,Rubus,arcticus,1974-0475; 1975-0111; 1977-0269; 1977-0352; 1977-0353; 1995-0693
Rosaceae,Rubus,armeniacus,2024-0383
Rosaceae,Rubus,chamaemorus,1973-0606; 1974-0476; 1975-0087; 2013-0299
Rosaceae,Rubus,idaeus,1974-0434; 1980-0318; 1982-0820; 2000-0346; 2007-0497; 2015-0462
Rosaceae,Rubus,leucodermis,1974-0673; 1977-0038; 2008-0125
Rosaceae,Rubus,nivalis,1974-0025; 2004-0426
Rosaceae,Rubus,parviflorus,1974-0980; 1976-0068; 1979-0599; 1990-0101; 2019-0836; 2024-0379
Rosaceae,Rubus,pedatus,1971-0231; 1974-0477; 1976-0436; 1983-0399; 2010-0441; 2015-0359; 2015-0473; 2024-0621
Rosaceae,Rubus,pubescens,1974-0525; 1977-0186; 2010-0440; 2014-0375
Rosaceae,Sanguisorba,canadensis,1989-0742; 1990-0558; 1991-0413; 2003-0278; 2013-0410; 2019-0997
Rosaceae,Sanguisorba,menziesii,2016-0301
Rosaceae,Sanguisorba,minor,1978-0427; 1988-0476; 2001-0356
Rosaceae,Sanguisorba,officinalis,1971-0036; 1974-0478; 1974-0797; 2013-0305
Rosaceae,Sibbaldia,procumbens,1972-0550; 1974-0483; 1974-0643; 1986-0278; 1996-0157; 2016-0270
Rosaceae,Sorbus,aucuparia,1974-0349; 1975-0720; 1976-0070; 1982-0697
Rosaceae,Sorbus,scopulina,2001-0467; 2015-0438; 2015-0467; 2016-0364; 2019-0912; 2022-0479
Rosaceae,Sorbus,sitchensis,1971-0223; 1973-0313; 1974-0596; 1975-0670; 1975-0671; 1976-0300; 2011-0739; 2011-0754; 2013-0455; 2014-0421; 2015-0457; 2016-0336; 2019-0943
Rosaceae,Spiraea,douglasii,1975-0088; 2016-0332
Rosaceae,Spiraea,lucida,2016-0365
Rosaceae,Spiraea,splendens,1987-0006; 1995-0259; 1999-0458; 2000-0364
Rubiaceae,Galium,kamtschaticum,1975-0831
Rubiaceae,Galium,mollugo,1987-0461
Rubiaceae,Galium,trifidum,1978-0532; 1983-0699
Rubiaceae,Galium,triflorum,1975-0773
Rubiaceae,Galium,verum,1984-0255; 1984-0310; 2001-0168
Salicaceae,Populus,balsamifera,1978-0460
Salicaceae,Populus,tremuloides,1975-0785; 1977-0607
Salicaceae,Populus,trichocarpa,1973-0309; 1975-0725; 1978-0087; 1978-0503; 2003-0332; 2006-0394
Salicaceae,Salix,alaxensis,1977-0187; 1983-0731; 1984-0353
Salicaceae,Salix,amygdaloides,1977-0140
Salicaceae,Salix,arbusculoides,1974-0768
Salicaceae,Salix,arctica,1975-0340; 1978-0383; 1979-0433; 1982-1462; 1991-0448; 1998-0469; 2010-0096; 2019-0006
Salicaceae,Salix,barclayi,1977-0141
Salicaceae,Salix,barrattiana,1983-0732
Salicaceae,Salix,bebbiana,1974-0851; 1974-1001; 1977-0188
Salicaceae,Salix,brachycarpa,1974-0628; 1977-0189
Salicaceae,Salix,candida,1984-0307; 2016-0034
Salicaceae,Salix,cascadensis,1976-0397
Salicaceae,Salix,commutata,2019-0919
Salicaceae,Salix,drummondiana,1983-0733
Salicaceae,Salix,exigua,1974-0848; 1975-0793
Salicaceae,Salix,farriae,1973-0472; 1974-0850; 1977-0191
Salicaceae,Salix,glauca,1974-1139; 1977-0192; 1983-0734
Salicaceae,Salix,hookeriana,1971-0020; 1975-0226; 2004-0064; 2008-0058
Salicaceae,Salix,myrtillifolia,1975-0718
Salicaceae,Salix,niphoclada,1977-0190
Salicaceae,Salix,nivalis,1973-0465; 1974-0595; 1979-0435; 1998-0090; 2016-0260; 2016-0282; 2019-0934
Salicaceae,Salix,pedicellaris,1974-0630; 1974-1002; 1977-0604; 1978-0536
Salicaceae,Salix,petrophila,1977-0602
Salicaceae,Salix,planifolia,1974-0631; 1974-0678
Salicaceae,Salix,prolixa,1971-0052; 1982-0301; 1984-0187
Salicaceae,Salix,pseudomonticola,1978-0537
Salicaceae,Salix,pseudomyrsinites,1974-0629
Salicaceae,Salix,pyrifolia,1977-0605; 1978-0538
Salicaceae,Salix,reticulata,1971-0183; 1973-0676; 1974-0791; 1974-0792; 1975-0691; 1977-0033; 1977-0539; 2013-0070; 2018-0456
Salicaceae,Salix,scouleriana,1973-0634; 1977-0541
Salicaceae,Salix,sitchensis,1971-0058; 1977-0142; 2010-0091
Salicaceae,Salix,stolonifera,1977-0540
Salicaceae,Salix,vestita,1977-0270; 1980-0263; 1986-0037; 1986-0142; 2001-0335; 2004-0456
Sapindaceae,Acer,circinatum,1973-0319; 1974-0081; 1974-0288; 1974-0327; 1974-0352; 1975-0078; 1975-0954; 2004-0102; 2004-0109; 2009-0374; 2010-0527; 2010-0546; 2016-0347; 2016-0355; 2019-0227; 2019-1073; 2019-1074; 2021-0715
Sapindaceae,Acer,glabrum,1973-0365; 1973-0454; 1973-0494; 1974-0423; 1975-0758; 1975-0759; 2015-0465; 2016-0349; 2019-0907
Sapindaceae,Acer,macrophyllum,1976-0045; 1979-0347; 1994-0405; 2016-0417; 2018-0648; 2021-0714; 2022-0101; 2022-0102
Sapindaceae,Acer,negundo,1976-0423
Saxifragaceae,Boykinia,occidentalis,1975-0698; 1980-0301; 1992-0805; 1999-0410; 2016-0343
Saxifragaceae,Brewerimitella,ovalis,1975-0879; 2015-0244
Saxifragaceae,Chrysosplenium,tetrandrum,1978-0324; 1979-0684
Saxifragaceae,Elmera,racemosa,1982-0258; 1982-0428; 1991-0266; 2019-0137
Saxifragaceae,Hemieva,ranunculifolia,1975-0673; 1978-0086; 1978-0841; 1988-0352; 2013-0207
Saxifragaceae,Heuchera,chlorantha,1974-0461; 2022-0041
Saxifragaceae,Heuchera,cylindrica,1971-0066; 1980-0389; 2002-0135; 2013-0393; 2013-0398
Saxifragaceae,Heuchera,micrantha,1975-0070; 1975-0834; 1977-0489; 1993-0243; 1999-0423; 1999-0424; 1999-0425; 2000-0336; 2007-0064; 2010-0110; 2011-0261; 2013-0496; 2015-0248; 2022-0370; 2023-0411; 2025-0346
Saxifragaceae,Leptarrhena,pyrolifolia,1975-0413; 1975-0683; 1992-0429; 1992-0523; 1995-0393; 2014-0401; 2015-0351; 2015-0439; 2016-0267; 2017-0426
Saxifragaceae,Micranthes,ferruginea,1974-0519; 1975-0341; 1975-0692; 1976-0643; 2009-0303; 2010-0237; 2012-0386; 2015-0474; 2019-0830; 2019-1088
Saxifragaceae,Micranthes,integrifolia,1972-0229; 1975-0937; 1976-0237
Saxifragaceae,Micranthes,lyallii,1975-0661; 1975-0693; 1978-0352; 2009-0197; 2019-0894
Saxifragaceae,Micranthes,nelsoniana,1975-0342; 1983-0797; 2015-0354
Saxifragaceae,Micranthes,nivalis,1981-0274
Saxifragaceae,Micranthes,occidentalis,1975-0662; 2012-0385; 2019-0833
Saxifragaceae,Micranthes,rufidula,1975-0430
Saxifragaceae,Micranthes,tolmiei,2016-0211; 2016-0262; 2019-0936
Saxifragaceae,Mitella,nuda,1974-0641; 1975-0631
Saxifragaceae,Ozomelis,trifida,1975-0329; 1980-0138; 2025-0202
Saxifragaceae,Pectiantia,breweri,1974-0209; 1995-0097; 2010-0534; 2015-0355; 2016-0275
Saxifragaceae,Pectiantia,pentandra,1975-0217; 1977-0211
Saxifragaceae,Saxifraga,adscendens,1978-0348; 1981-0245
Saxifragaceae,Saxifraga,aizoides,1976-0399; 1983-0373; 1983-0886; 2019-0083
Saxifragaceae,Saxifraga,bronchialis,1975-0379; 1975-0557; 1975-0658; 1977-0219; 1978-0349; 2016-0214; 2016-0272
Saxifragaceae,Saxifraga,cernua,1975-0660; 1978-0350; 1990-0578
Saxifragaceae,Saxifraga,cespitosa,1975-0659; 2010-0097; 2014-0378
Saxifragaceae,Saxifraga,flagellaris,1978-0351
Saxifragaceae,Saxifraga,hirculus,1979-0775
Saxifragaceae,Saxifraga,mertensiana,1975-0968
Saxifragaceae,Saxifraga,oppositifolia,1974-1186; 1975-0663; 1982-0891; 1995-0774; 1995-0967; 1996-0392; 1998-0545; 2001-0183; 2008-0409; 2008-0410; 2010-0098; 2010-0525; 2018-0455; 2018-0491; 2019-1087; 2021-0631
Saxifragaceae,Saxifraga,rivularis,1975-0429
Saxifragaceae,Saxifraga,taylorii,1974-0520; 1985-0420; 2006-0231; 2007-0410
Saxifragaceae,Saxifraga,tolmiei,1975-0664
Saxifragaceae,Saxifraga,tricuspidata,1974-0480; 1975-0755; 1977-0355; 1980-0386; 2013-0449
Saxifragaceae,Tiarella,trifoliata,1974-0796; 1976-0240; 1976-0318; 1976-0411; 2004-0069; 2006-0203; 2016-0338; 2019-1077; 2021-0719
Saxifragaceae,Tolmiea,menziesii,1970-0116; 1975-0346; 1975-0798; 1978-0949; 2011-0533; 2012-0361
Scrophulariaceae,Buddleja,davidii,1975-0699
Scrophulariaceae,Limosella,aquatica,1983-0714
Scrophulariaceae,Scrophularia,californica,1980-0144
Scrophulariaceae,Verbascum,thapsus,1975-0861; 1996-0164; 1998-0505; 2001-0174; 2004-0122; 2004-0272; 2005-0246; 2007-0438; 2022-0643
Selaginellaceae,Selaginella,densa,1976-0759; 1978-0496
Selaginellaceae,Selaginella,selaginoides,1977-0223; 1978-0497; 1983-0375
Selaginellaceae,Selaginella,sibirica,1974-0482
Selaginellaceae,Selaginella,wallacei,1971-0037; 1974-0986; 1975-0432; 1976-0646
Solanaceae,Datura,stramonium,1976-0422; 1978-0212
Solanaceae,Solanum,americanum,1986-0307
Solanaceae,Solanum,dulcamara,1975-0345; 1998-0433
Solanaceae,Solanum,rostratum,1989-0494
Taxaceae,Taxus,brevifolia,1973-0467; 1974-0284; 1974-0285; 1974-0998; 1975-0082; 1975-0797; 1975-0821; 1977-0314; 1991-0006; 2016-0374; 2022-0124
Thelypteridaceae,Phegopteris,connectilis,1975-0674; 2018-0803
Thelypteridaceae,Thelypteris,nevadensis,1983-0736
Thymelaeaceae,Daphne,laureola,1974-0321; 1974-0353; 1975-0962; 1982-0047
Tofieldiaceae,Triantha,glutinosa,2013-0315; 2013-0487; 2014-0399; 2015-0361; 2016-0296
Typhaceae,Sparganium,emersum,1977-0234; 2014-0320
Typhaceae,Typha,latifolia,1974-1007
Urticaceae,Urtica,dioica,1975-0599
Verbenaceae,Verbena,hastata,1992-0562; 2018-0770
Viburnaceae,Sambucus,mexicana,1973-0484; 1975-0794; 1979-0816; 1982-0342; 1992-0794; 1995-0918; 2007-0076; 2016-0309; 2023-0409
Viburnaceae,Sambucus,racemosa,1971-0076; 1972-0133; 1976-0056; 1976-0398; 1982-0454; 2000-0347; 2002-0123; 2016-0358
Viburnaceae,Viburnum,edule,1971-0056; 1973-0302
Violaceae,Viola,arvensis,1975-0910
Violaceae,Viola,canadensis,1974-0493; 1975-0183
Violaceae,Viola,glabella,1973-0615; 1975-0184; 1977-0216; 1995-0101; 1995-0241; 2011-0538
Violaceae,Viola,howellii,1977-0794; 2011-0537
Violaceae,Viola,lanceolata,1997-0170
Violaceae,Viola,langsdorffii,1973-0613; 1974-0522; 1992-0080
Violaceae,Viola,nephrophylla,1976-0306
Violaceae,Viola,odorata,1988-0074; 1989-0332; 1998-0943
Violaceae,Viola,orbiculata,1973-0364; 2008-0292
Violaceae,Viola,palustris,1975-0186; 2011-0540
Violaceae,Viola,praemorsa,2017-0345; 2018-0723
Violaceae,Viola,renifolia,1979-0440
Violaceae,Viola,sempervirens,1975-0187; 1976-0437; 1977-0218; 1995-0102; 2014-0296
Violaceae,Viola,septentrionalis,1980-0038
Violaceae,Viola,tricolor,1978-0090; 2006-0270; 2017-0084; 2018-0454; 2019-0560
Woodsiaceae,Woodsia,alpina,2006-0293
Woodsiaceae,Woodsia,glabella,1983-0739
Woodsiaceae,Woodsia,ilvensis,1976-0384; 1978-0541; 2018-0793; 2019-1038; 2021-0495
Woodsiaceae,Woodsia,oregana,1970-0127; 1976-0307; 1992-0525
Woodsiaceae,Woodsia,scopulina,1971-0040; 1973-0280; 1974-0494; 1975-0677; 1977-0220; 2009-0307
Zygophyllaceae,Tribulus,terrestris,1989-0275
